代碼,股票,ROE(近五年),EPS(進五年),毛利率(進五年),現金股利,成交價,董監持股,現金殖利率,符合數量,正負樣本,,,,,,,,,,,,,,,,,,,ROE_Test,EPS_Test,毛利率_Test,現金殖利率_Test,成交價_Test,董監持股_Test
1101,台泥,11,3.69,26.64,2.34,33.65,8.38,6.95,5,1,,,1103,嘉泥,5.24,1.65,6.44,0.91,16.7,17.15,5.45,4,1,,,,,,1,1,1,1,1,0
1102,亞泥,9.81,4.05,24.67,2.77,39,27.37,7.1,5,1,,,1104,環泥,6.66,1.82,14.24,1.04,20.45,24.16,5.09,4,1,,,,,,0,1,1,1,1,1
1215,卜蜂,18.56,5.12,14.81,3.5,79,10,4.43,4,1,,,1109,信大,14.89,2.4,30.69,1,15.2,36.22,6.58,6,1,,,,,,0,1,0,1,1,1
1217,愛之味,2.25,0.27,31.77,0.06,9.25,10.24,0.65,4,1,,,1203,味王,12,1.86,32.54,1.1,30.95,28.84,3.55,5,1,,,,,,,,,,,
1526,日馳,16.22,2.82,25.68,1.44,48.7,28,2.96,5,1,,,1210,大成,12.03,3.05,13.62,1.98,44,12.36,4.5,4,1,,,,,,,,,,,
1527,鑽全,14.53,3.88,26.9,2.27,40.25,14.44,5.64,6,1,,,1215,卜蜂,18.56,5.12,14.81,3.5,79,10,4.43,4,1,,,,,,,,,,,
3002,歐格,2.31,0.33,26.51,0.33,11.8,25.98,2.8,4,1,,,1216,統一,19.92,4.14,33.73,3.18,66.4,10.05,4.79,5,1,,,,,,,,,,,
5469,瀚宇博,9.54,4.94,17.39,1.57,28.9,26.1,5.43,4,1,,,1213,大飲,-9.02,-0.89,4.96,0,7.35,12.91,0,2,-1,,,,,,,,,,,
6166,凌華,6.24,1.32,37.99,1.14,51,31.18,2.24,4,1,,,1218,泰山,9.53,1.22,17.74,0.9,34.2,35.9,2.63,3,-1,,,,,,,,,,,
6168,宏齊,6.95,0.97,21.75,1.12,16.1,21.94,6.96,5,1,,,1219,福壽,4.47,0.79,8.7,0.58,19.35,6.9,3,2,-1,,,,,,0,1,0,1,1,1
1108,幸福,1.71,0.21,8.77,0.58,10.25,3.95,5.66,3,-1,,,1220,台榮,5.92,0.74,13.71,0.69,14.2,21.73,4.86,3,-1,,,,,,0,1,0,1,1,0
1110,東泥,0.72,0.12,4.56,0.12,17.9,34.67,0.67,3,-1,,,,,,,,,,,,,,,,,,,1,1,1,1,1,1
2330,台積電,25.2,16.61,49.94,2.75,417,6.56,0.66,3,-1,,,,,,,,,,,,,,,,,,,0,1,0,0,1,1
2642,宅配通,8.5,1.67,16.43,1.35,45.8,45.9,2.95,3,-1,,,,,,,,,,,,,,,,,,,1,1,1,0,1,1
3311,閎暉,-3.42,-1.21,13.3,1.35,32.6,47.2,4.14,2,-1,,,,,,,,,,,,,,,,,,,1,1,0,0,1,1
3312,弘憶股,9.12,1.04,4.92,0.64,16.95,32.54,3.78,3,-1,,,,,,,,,,,,,,,,,,,0,0,0,0,1,1
8442,威宏-KY,2.74,0.79,15.4,1.6,70.2,30.91,2.28,3,-1,,,,,,,,,,,,,,,,,,,1,1,0,0,1,1
,,,,,,,,,,,,,,,,,,,,,,,,,,,,,1,1,1,0,1,1
,,,,,,,,,,,,,,,,,,,,,,,,,,,,,0,1,1,0,1,1
,,,,,,,,,,,,,,,,,,,,,,,,,,,,,0,1,0,0,1,1
,,,,,,,,,,,,,,,,,,,,,,,,,,,,,0,1,0,0,1,0
,,,,,,,,,,,,,,,,,,,,,,,,,,,,,0,1,0,0,1,1
1225,福懋油,10.42,1.53,9.28,1.34,51.7,22.84,2.59,4,1,,,,,,,,,,,,,,,,,,,1,1,0,0,1,1
1227,佳格,17.48,3.13,28.16,2.31,38.2,3.2,6.05,5,1,,,,,,,,,,,,,,,,,,,1,1,1,1,1,0
1229,聯華,10.09,2.66,20.74,1.7,49.65,23.62,3.42,5,1,,,,,,,,,,,,,,,,,,,1,1,1,0,1,1
1231,聯華食,16.23,3.31,21.73,1.58,69.4,21.79,2.28,5,1,,,,,,,,,,,,,,,,,,,1,1,1,0,1,1
1232,大統益,25.42,6.54,11.65,5.4,153,65.95,3.53,3,-1,,,,,,,,,,,,,,,,,,,1,1,0,0,0,1
1233,天仁,7.91,1.34,57.08,1.47,33,11.07,4.45,4,1,,,,,,,,,,,,,,,,,,,0,1,1,0,1,1
1234,黑松,4.23,1.88,26.54,1.66,33.25,12.06,4.99,4,1,,,,,,,,,,,,,,,,,,,0,1,1,0,1,1
1235,興泰,3.44,1.69,37.44,0.61,63.4,9.08,0.96,3,-1,,,,,,,,,,,,,,,,,,,0,1,1,0,1,0
1236,宏亞,0.09,0.01,26.96,0.32,20.7,24.47,1.55,4,1,,,,,,,,,,,,,,,,,,,0,1,1,0,1,1
1256,鮮活果汁-KY,26.53,16.9,37.24,8.48,226.5,0,3.74,3,-1,,,,,,,,,,,,,,,,,,,1,1,1,0,0,0
1301,台塑,13.01,7.15,18.26,5.3,86.5,14.93,6.13,4,1,,,,,,,,,,,,,,,,,,,1,1,0,1,0,1
1303,南亞,12.88,5.98,16.11,4.44,67.7,18.26,6.56,5,1,,,,,,,,,,,,,,,,,,,1,1,0,1,1,1
1304,台聚,10.47,1.97,15.9,0.86,20.4,24.42,4.22,4,1,,,,,,,,,,,,,,,,,,,1,1,0,0,1,1
1305,華夏,16.66,2.7,19.82,1.56,20.4,33.13,7.65,5,1,,,,,,,,,,,,,,,,,,,1,1,0,1,1,1
1307,三芳,4.7,0.99,22.5,0.8,20.95,9.47,3.82,3,-1,,,,,,,,,,,,,,,,,,,0,1,1,0,1,0
1308,亞聚,9.89,2.04,17.6,1.06,28.05,38.36,3.78,3,-1,,,,,,,,,,,,,,,,,,,0,1,0,0,1,1
1309,台達化,18.21,2.76,11.11,0.94,21.25,39.37,4.42,4,1,,,,,,,,,,,,,,,,,,,1,1,0,0,1,1
1310,台苯,9.14,1.34,8.12,1.05,13.15,4.54,7.98,3,-1,,,,,,,,,,,,,,,,,,,0,1,0,1,1,0
1312,國喬,13.74,4.03,16.97,0.98,17.55,5.38,5.58,4,1,,,,,,,,,,,,,,,,,,,1,1,0,1,1,0
1313,聯成,6.4,1.16,6.24,0.68,12.35,0,5.51,3,-1,,,,,,,,,,,,,,,,,,,0,1,0,1,1,0
1314,中石化,5.13,1.21,9.95,0.69,9.54,6.91,7.23,3,-1,,,,,,,,,,,,,,,,,,,0,1,0,1,1,0
1315,達新,13.36,7.55,16.17,3,67,17.13,4.48,4,1,,,,,,,,,,,,,,,,,,,1,1,0,0,1,1
1316,上曜,4.27,0.66,23.2,0.83,12.45,9.14,6.67,4,1,,,,,,,,,,,,,,,,,,,0,1,1,1,1,0
1319,東陽,6.99,2.63,22.19,1.44,48.45,18.4,2.97,4,1,,,,,,,,,,,,,,,,,,,0,1,1,0,1,1
1321,大洋,3.18,0.9,6.71,0.34,34.5,5.89,0.99,2,-1,,,,,,,,,,,,,,,,,,,0,1,0,0,1,0
1323,永裕,14.85,3.1,24.13,1.58,33,13.1,4.79,5,1,,,,,,,,,,,,,,,,,,,1,1,1,0,1,1
1324,地球,1.63,0.22,15.98,0.28,10.6,8.06,2.64,2,-1,,,,,,,,,,,,,,,,,,,0,1,0,0,1,0
1325,恆大,17.53,5.61,27.85,3.03,23,28.62,13.17,6,1,,,,,,,,,,,,,,,,,,,1,1,1,1,1,1
1326,台化,10.36,6.5,12.88,4.86,68.8,5.72,7.06,4,1,,,,,,,,,,,,,,,,,,,1,1,0,1,1,0
1337,再生-KY,-11.37,-3.06,-24.86,0.23,7.17,14.46,3.21,2,-1,,,,,,,,,,,,,,,,,,,0,0,0,0,1,1
1338,廣華-KY,6.78,5.62,24.05,3.6,54,17.29,6.67,5,1,,,,,,,,,,,,,,,,,,,0,1,1,1,1,1
1339,昭輝,6.77,3.27,28.15,2,40.65,42.78,4.92,4,1,,,,,,,,,,,,,,,,,,,0,1,1,0,1,1
1340,勝悅-KY,-1.69,-0.24,-13,0.94,9.93,0,9.47,2,-1,,,,,,,,,,,,,,,,,,,0,0,0,1,1,0
1341,富林-KY,25.92,5.71,20.87,4,65.8,1.64,6.08,5,1,,,,,,,,,,,,,,,,,,,1,1,1,1,1,0
1402,遠東新,5.81,1.95,19.83,1.47,32.15,27.07,4.57,3,-1,,,,,,,,,,,,,,,,,,,0,1,0,0,1,1
1409,新纖,7.42,1.49,0,0.88,16.55,5.84,5.32,3,-1,,,,,,,,,,,,,,,,,,,0,1,0,1,1,0
1410,南染,7.1,1.18,37.42,1.18,40.15,17.35,2.94,4,1,,,,,,,,,,,,,,,,,,,0,1,1,0,1,1
1413,宏洲,7.79,0.56,4.13,0,10.3,43.25,0,3,-1,,,,,,,,,,,,,,,,,,,0,1,0,0,1,1
1414,東和,2.34,0.33,9.5,0.3,17.15,0,1.75,2,-1,,,,,,,,,,,,,,,,,,,0,1,0,0,1,0
1416,廣豐,0.12,0.07,-61.15,1.28,10.55,8.17,12.13,3,-1,,,,,,,,,,,,,,,,,,,0,1,0,1,1,0
1417,嘉裕,-3.62,-0.4,24.97,0.37,10.15,11.6,3.65,3,-1,,,,,,,,,,,,,,,,,,,0,0,1,0,1,1
1418,東華,-60.82,-4.53,-113.93,0,14.3,54.77,0,2,-1,,,,,,,,,,,,,,,,,,,0,0,0,0,1,1
1419,新紡,6.16,1.82,25.76,1.52,38.5,0,3.95,3,-1,,,,,,,,,,,,,,,,,,,0,1,1,0,1,0
1423,利華,4.52,0.86,-16.51,0.89,19.35,25.88,4.6,3,-1,,,,,,,,,,,,,,,,,,,0,1,0,0,1,1
1432,大魯閣,-16.24,-1.41,73.41,0.8,12.3,11.03,6.5,4,1,,,,,,,,,,,,,,,,,,,0,0,1,1,1,1
1434,福懋,5.8,2.19,11.58,1.7,26.95,0,6.31,3,-1,,,,,,,,,,,,,,,,,,,0,1,0,1,1,0
1435,中福,-0.16,-0.01,93.3,0,0,0,0,2,-1,,,,,,,,,,,,,,,,,,,0,0,1,0,1,0
1436,華友聯,11.33,3.41,28.63,2.63,56.2,0,4.68,4,1,,,,,,,,,,,,,,,,,,,1,1,1,0,1,0
1437,勤益控,7.49,2.23,69.77,0.74,24.4,0,3.03,3,-1,,,,,,,,,,,,,,,,,,,0,1,1,0,1,0
1438,三地開發,1.37,0.15,-95.74,0,32.25,0,0,2,-1,,,,,,,,,,,,,,,,,,,0,1,0,0,1,0
1439,中和,6.67,1.68,1.5,1.34,19.3,10.38,6.94,4,1,,,,,,,,,,,,,,,,,,,0,1,0,1,1,1
1440,南紡,4.49,0.7,10.77,0.42,16.35,15.82,2.57,3,-1,,,,,,,,,,,,,,,,,,,0,1,0,0,1,1
1441,大東,-5.38,0.31,-1.69,0.24,7.97,24.17,3.01,3,-1,,,,,,,,,,,,,,,,,,,0,1,0,0,1,1
1442,名軒,5,0.88,21.33,1.1,28.2,4.23,3.9,3,-1,,,,,,,,,,,,,,,,,,,0,1,1,0,1,0
1443,立益,-28.77,-0.56,18.36,0,19.95,18.36,0,2,-1,,,,,,,,,,,,,,,,,,,0,0,0,0,1,1
1444,力麗,0.79,0.16,7.52,0.44,10.45,19.56,4.21,3,-1,,,,,,,,,,,,,,,,,,,0,1,0,0,1,1
1445,大宇,-1.62,-0.2,4.54,0.22,16.1,27.82,1.37,2,-1,,,,,,,,,,,,,,,,,,,0,0,0,0,1,1
1446,宏和,-1.13,-0.13,19.03,0.3,31.95,9.41,0.94,1,-1,,,,,,,,,,,,,,,,,,,0,0,0,0,1,0
1447,力鵬,-0.77,-0.1,3.26,0.04,8.37,22.04,0.48,2,-1,,,,,,,,,,,,,,,,,,,0,0,0,0,1,1
1449,佳和,-7.07,-0.34,7.13,0,14.35,6.82,0,1,-1,,,,,,,,,,,,,,,,,,,0,0,0,0,1,0
1451,年興,1.03,0.34,6.65,1.32,22.55,18.57,5.85,4,1,,,,,,,,,,,,,,,,,,,0,1,0,1,1,1
1452,宏益,8.16,1.56,15.33,1.34,17.35,0,7.72,3,-1,,,,,,,,,,,,,,,,,,,0,1,0,1,1,0
1453,大將,6.38,0.84,-3.3,0,15.7,17.85,0,3,-1,,,,,,,,,,,,,,,,,,,0,1,0,0,1,1
1454,台富,0.51,0.06,7.41,0.27,12.25,8.24,2.2,2,-1,,,,,,,,,,,,,,,,,,,0,1,0,0,1,0
1455,集盛,2.9,0.38,4.09,0.4,9.43,22.06,4.24,3,-1,,,,,,,,,,,,,,,,,,,0,1,0,0,1,1
1456,怡華,8.39,1.28,19.49,0.3,16.15,47.63,1.86,3,-1,,,,,,,,,,,,,,,,,,,0,1,0,0,1,1
1457,宜進,8.16,1.89,11.57,0.7,17.75,0,3.94,2,-1,,,,,,,,,,,,,,,,,,,0,1,0,0,1,0
1459,聯發,1.33,0.06,-0.07,0.28,8.57,14.96,3.27,3,-1,,,,,,,,,,,,,,,,,,,0,1,0,0,1,1
1460,宏遠,-3.22,-0.26,16.04,0.38,7.86,0,4.83,1,-1,,,,,,,,,,,,,,,,,,,0,0,0,0,1,0
1463,強盛,9.71,1.33,28.09,1.14,13.9,13.58,8.2,5,1,,,,,,,,,,,,,,,,,,,0,1,1,1,1,1
1464,得力,4.66,0.67,16.69,1.15,14.4,8.68,7.99,3,-1,,,,,,,,,,,,,,,,,,,0,1,0,1,1,0
1465,偉全,7.99,0.43,9.22,0.56,13.15,16.74,4.26,3,-1,,,,,,,,,,,,,,,,,,,0,1,0,0,1,1
1466,聚隆,0.14,0.02,9.06,0.79,11.2,20.06,7.05,4,1,,,,,,,,,,,,,,,,,,,0,1,0,1,1,1
1467,南緯,-1.46,-0.16,20.02,0.4,11.55,46.04,3.46,3,-1,,,,,,,,,,,,,,,,,,,0,0,1,0,1,1
1468,昶和,0.76,0.06,10.45,0,12,0,0,2,-1,,,,,,,,,,,,,,,,,,,0,1,0,0,1,0
1470,大統新創,5.55,0.62,21.86,0.58,18.2,21.54,3.19,4,1,,,,,,,,,,,,,,,,,,,0,1,1,0,1,1
1471,首利,-11.2,-0.86,-1.29,0,7.53,13.19,0,2,-1,,,,,,,,,,,,,,,,,,,0,0,0,0,1,1
1472,三洋實業,-29.36,-2.26,7.4,0,22,12.17,0,2,-1,,,,,,,,,,,,,,,,,,,0,0,0,0,1,1
1473,台南,-1.86,-0.33,12.8,0.36,19.25,21.29,1.87,2,-1,,,,,,,,,,,,,,,,,,,0,0,0,0,1,1
1474,弘裕,5.07,0.81,12.63,0.48,11.85,13.55,4.05,3,-1,,,,,,,,,,,,,,,,,,,0,1,0,0,1,1
1475,業旺,-14.64,-2.74,-16.81,0,50.7,0,0,1,-1,,,,,,,,,,,,,,,,,,,0,0,0,0,1,0
1476,儒鴻,24.1,15.41,28.06,10.9,390,16.19,2.79,4,1,,,,,,,,,,,,,,,,,,,1,1,1,0,0,1
1477,聚陽,19.55,8.52,20.83,7.12,183,9.86,3.89,3,-1,,,,,,,,,,,,,,,,,,,1,1,1,0,0,0
1503,士電,6.69,2.97,18.56,1.56,57,26.69,2.74,3,-1,,,,,,,,,,,,,,,,,,,0,1,0,0,1,1
1504,東元,6.14,1.8,23.94,1.05,27.85,8.06,3.77,3,-1,,,,,,,,,,,,,,,,,,,0,1,1,0,1,0
1506,正道,-16.45,-1.1,8.88,0,16.9,32.81,0,2,-1,,,,,,,,,,,,,,,,,,,0,0,0,0,1,1
1512,瑞利,-71.55,-1.47,3.53,0.2,3.53,20.81,5.67,3,-1,,,,,,,,,,,,,,,,,,,0,0,0,1,1,1
1513,中興電,11.32,2.37,18.75,1.64,56.2,9.97,2.92,3,-1,,,,,,,,,,,,,,,,,,,1,1,0,0,1,0
1514,亞力,8.45,1.24,16.51,0.67,27.6,12.64,2.43,3,-1,,,,,,,,,,,,,,,,,,,0,1,0,0,1,1
1515,力山,23.75,4.2,18.65,2.56,29,11.91,8.83,5,1,,,,,,,,,,,,,,,,,,,1,1,0,1,1,1
1516,川飛,6.87,0.8,3.94,0.4,22.15,13.82,1.81,3,-1,,,,,,,,,,,,,,,,,,,0,1,0,0,1,1
1517,利奇,4.34,0.61,13.63,0.36,22,10.6,1.64,3,-1,,,,,,,,,,,,,,,,,,,0,1,0,0,1,1
1519,華城,7.77,1,14.05,0.8,40.05,19.04,2,3,-1,,,,,,,,,,,,,,,,,,,0,1,0,0,1,1
1521,大億,15.18,3.73,15.33,2.98,34.8,32.55,8.56,5,1,,,,,,,,,,,,,,,,,,,1,1,0,1,1,1
1522,堤維西,7.37,1.56,21.12,1.08,26.15,8.34,4.13,3,-1,,,,,,,,,,,,,,,,,,,0,1,1,0,1,0
1524,耿鼎,5.5,0.69,18.78,0.37,24.95,25.14,1.48,3,-1,,,,,,,,,,,,,,,,,,,0,1,0,0,1,1
1525,江申,9.52,5.21,9.16,2.1,58,76.83,3.62,3,-1,,,,,,,,,,,,,,,,,,,0,1,0,0,1,1
1526,日馳,16.22,2.82,25.68,1.44,48.7,28,2.96,5,1,,,,,,,,,,,,,,,,,,,1,1,1,0,1,1
1527,鑽全,14.53,3.88,26.9,2.27,40.25,14.44,5.64,6,1,,,,,,,,,,,,,,,,,,,1,1,1,1,1,1
1528,恩德,-0.13,-0.02,26.65,0.2,9.54,10.03,2.1,3,-1,,,,,,,,,,,,,,,,,,,0,0,1,0,1,1
1529,樂士,7.89,0.61,20.35,0.28,21.9,20.78,1.28,4,1,,,,,,,,,,,,,,,,,,,0,1,1,0,1,1
1530,亞崴,8.65,2.36,18.49,1.75,29.6,59.09,5.91,4,1,,,,,,,,,,,,,,,,,,,0,1,0,1,1,1
1531,高林股,2.28,0.47,18.67,0.48,13.75,23.56,3.49,3,-1,,,,,,,,,,,,,,,,,,,0,1,0,0,1,1
1532,勤美,8.01,2.47,25.18,1.65,29.95,19.99,5.51,5,1,,,,,,,,,,,,,,,,,,,0,1,1,1,1,1
1533,車王電,3.66,1.53,32.38,0.42,52.2,33.32,0.8,4,1,,,,,,,,,,,,,,,,,,,0,1,1,0,1,1
1535,中宇,6.63,1.64,6.39,1.5,42.05,60.46,3.57,3,-1,,,,,,,,,,,,,,,,,,,0,1,0,0,1,1
1536,和大,11.84,2.91,28.19,2.34,90.6,12.09,2.58,4,1,,,,,,,,,,,,,,,,,,,1,1,1,0,0,1
1537,廣隆,22.77,10.74,22.37,9.3,137,16.88,6.79,5,1,,,,,,,,,,,,,,,,,,,1,1,1,1,0,1
1538,正峰,-52.11,-2.39,13.51,0,7.16,0,0,1,-1,,,,,,,,,,,,,,,,,,,0,0,0,0,1,0
1539,巨庭,8.88,1.68,10.71,1.12,31.65,14.95,3.54,3,-1,,,,,,,,,,,,,,,,,,,0,1,0,0,1,1
1540,喬福,3.83,0.64,22.37,0.78,15.2,20.89,5.13,5,1,,,,,,,,,,,,,,,,,,,0,1,1,1,1,1
1541,錩泰,17.38,3.1,16.15,2.26,31.85,31.97,7.1,5,1,,,,,,,,,,,,,,,,,,,1,1,0,1,1,1
1558,伸興,14.84,11.51,24.88,9.26,121,10.46,7.65,5,1,,,,,,,,,,,,,,,,,,,1,1,1,1,0,1
1560,中砂,14.61,4.47,30.69,3.08,122,14.89,2.52,4,1,,,,,,,,,,,,,,,,,,,1,1,1,0,0,1
1568,倉佑,4.54,0.69,12.8,0.51,23.55,18.91,2.17,3,-1,,,,,,,,,,,,,,,,,,,0,1,0,0,1,1
1582,信錦,13.49,5.75,22.93,5.26,62.9,12.79,8.36,6,1,,,,,,,,,,,,,,,,,,,1,1,1,1,1,1
1583,程泰,8.99,3.79,22.87,2.8,61.4,42.17,4.56,4,1,,,,,,,,,,,,,,,,,,,0,1,1,0,1,1
1587,吉茂,5.4,1.01,22.96,0.71,22.75,28.48,3.12,4,1,,,,,,,,,,,,,,,,,,,0,1,1,0,1,1
1589,永冠-KY,2.05,1.62,18.96,1.48,61.1,11.11,2.42,3,-1,,,,,,,,,,,,,,,,,,,0,1,0,0,1,1
1590,亞德客-KY,20.7,21.36,49,7.88,721,4.05,1.09,3,-1,,,,,,,,,,,,,,,,,,,1,1,1,0,0,0
1597,直得,15.27,3.78,43.35,1.2,70.4,12.82,1.7,5,1,,,,,,,,,,,,,,,,,,,1,1,1,0,1,1
1598,岱宇,11.06,3.36,32.34,2.39,39.75,8.8,6.01,5,1,,,,,,,,,,,,,,,,,,,1,1,1,1,1,0
1603,華電,4.83,1.58,13.01,0.6,25.65,12.55,2.34,3,-1,,,,,,,,,,,,,,,,,,,0,1,0,0,1,1
1604,聲寶,14.42,2.71,18.22,1.66,26.15,5.5,6.35,4,1,,,,,,,,,,,,,,,,,,,1,1,0,1,1,0
1605,華新,10.88,2.55,9.24,1.04,38.7,0,2.69,3,-1,,,,,,,,,,,,,,,,,,,1,1,0,0,1,0
1608,華榮,6.86,1.1,5.16,0.86,12.55,33.58,6.85,4,1,,,,,,,,,,,,,,,,,,,0,1,0,1,1,1
1609,大亞,10.01,1.25,8.46,0.33,18.1,5.22,1.82,3,-1,,,,,,,,,,,,,,,,,,,1,1,0,0,1,0
1611,中電,7.58,0.95,24.64,0.65,15.15,6.14,4.29,3,-1,,,,,,,,,,,,,,,,,,,0,1,1,0,1,0
1612,宏泰,12.62,2.37,9.3,1.06,14.8,12.41,7.16,5,1,,,,,,,,,,,,,,,,,,,1,1,0,1,1,1
1614,三洋電,5.27,1.07,20.08,0.92,34.85,33.38,2.64,4,1,,,,,,,,,,,,,,,,,,,0,1,1,0,1,1
1615,大山,14.56,2.24,13.05,1.29,27.3,15.43,4.73,4,1,,,,,,,,,,,,,,,,,,,1,1,0,0,1,1
1616,億泰,-0.69,-0.06,5.43,0,7.66,10.44,0,2,-1,,,,,,,,,,,,,,,,,,,0,0,0,0,1,1
1617,榮星,8.87,1.08,13.25,0.66,14.95,46.17,4.41,3,-1,,,,,,,,,,,,,,,,,,,0,1,0,0,1,1
1618,合機,2.86,0.53,8.77,0.34,14.05,35.37,2.42,3,-1,,,,,,,,,,,,,,,,,,,0,1,0,0,1,1
1626,艾美特-KY,0.68,0.19,16.38,1.01,17.55,26.18,5.75,4,1,,,,,,,,,,,,,,,,,,,0,1,0,1,1,1
1701,中化,6.94,1.44,35.65,0.82,21.2,17.61,3.87,4,1,,,,,,,,,,,,,,,,,,,0,1,1,0,1,1
1702,南僑,15.7,4.03,33.25,2.32,44.05,17.62,5.27,6,1,,,,,,,,,,,,,,,,,,,1,1,1,1,1,1
1707,葡萄王,26.61,9.48,81.57,6.44,133.5,20.07,4.82,4,1,,,,,,,,,,,,,,,,,,,1,1,1,0,0,1
1708,東鹼,6.85,1.79,26.22,1.04,41.9,11.89,2.48,4,1,,,,,,,,,,,,,,,,,,,0,1,1,0,1,1
1709,和益,7.17,1.14,16.75,1.08,22.55,18.65,4.79,3,-1,,,,,,,,,,,,,,,,,,,0,1,0,0,1,1
1710,東聯,4.84,0.77,8.14,0.94,17.25,10.44,5.45,4,1,,,,,,,,,,,,,,,,,,,0,1,0,1,1,1
1711,永光,4.41,0.66,22.02,0.42,18.1,16,2.32,4,1,,,,,,,,,,,,,,,,,,,0,1,1,0,1,1
1712,興農,10.5,1.75,27.16,1.34,38,14.85,3.53,5,1,,,,,,,,,,,,,,,,,,,1,1,1,0,1,1
1713,國化,4.6,0.71,13.16,0.65,24.5,12.98,2.65,3,-1,,,,,,,,,,,,,,,,,,,0,1,0,0,1,1
1714,和桐,6.61,0.6,12.57,0.31,8.73,10.01,3.55,3,-1,,,,,,,,,,,,,,,,,,,0,1,0,0,1,1
1717,長興,10.51,1.96,19.71,1.16,0,0,0,3,-1,,,,,,,,,,,,,,,,,,,1,1,0,0,1,0
1718,中纖,6.17,0.4,0,0.08,8.18,5.71,0.98,2,-1,,,,,,,,,,,,,,,,,,,0,1,0,0,1,0
1720,生達,11.69,2.62,44.32,1.78,45.45,19.83,3.92,5,1,,,,,,,,,,,,,,,,,,,1,1,1,0,1,1
1721,三晃,4.47,0.48,7.34,0.28,14.6,9.36,1.92,2,-1,,,,,,,,,,,,,,,,,,,0,1,0,0,1,0
1722,台肥,4.51,2.34,21.9,2.32,54.3,24.07,4.27,4,1,,,,,,,,,,,,,,,,,,,0,1,1,0,1,1
1723,中碳,16.35,4.98,23.25,4.34,105.5,34,4.11,4,1,,,,,,,,,,,,,,,,,,,1,1,1,0,0,1
1725,元禎,7.25,1.32,4.71,0.93,22.9,11.45,4.06,3,-1,,,,,,,,,,,,,,,,,,,0,1,0,0,1,1
1726,永記,9.21,4.86,25.55,3.44,69.8,21.08,4.93,4,1,,,,,,,,,,,,,,,,,,,0,1,1,0,1,1
1727,中華化,3.84,0.53,13.32,0.5,27.7,24.88,1.81,3,-1,,,,,,,,,,,,,,,,,,,0,1,0,0,1,1
1730,花仙子,18.9,4.62,44.15,3.28,55,22.95,5.96,6,1,,,,,,,,,,,,,,,,,,,1,1,1,1,1,1
1731,美吾華,6.59,0.9,58.27,0.77,18,35.35,4.28,4,1,,,,,,,,,,,,,,,,,,,0,1,1,0,1,1
1732,毛寶,4.23,0.46,42.66,0.47,28.8,18.27,1.63,4,1,,,,,,,,,,,,,,,,,,,0,1,1,0,1,1
1733,五鼎,6.98,1.19,25.53,1.17,25.4,10.03,4.61,4,1,,,,,,,,,,,,,,,,,,,0,1,1,0,1,1
1734,杏輝,-4.48,-0.01,37.54,0.18,29,14.92,0.62,3,-1,,,,,,,,,,,,,,,,,,,0,0,1,0,1,1
1735,日勝化,3.83,0.55,15.87,0.46,14.25,58.94,3.23,3,-1,,,,,,,,,,,,,,,,,,,0,1,0,0,1,1
1736,喬山,5.94,1.67,47.04,0.79,77,62.94,1.03,4,1,,,,,,,,,,,,,,,,,,,0,1,1,0,1,1
1737,臺鹽,6.27,1.91,39.65,1.53,32,0,4.78,3,-1,,,,,,,,,,,,,,,,,,,0,1,1,0,1,0
1752,南光,8.19,1.75,33.91,1.58,34.75,11.21,4.55,4,1,,,,,,,,,,,,,,,,,,,0,1,1,0,1,1
1760,寶齡富錦,9.25,1.44,53.82,1.46,135.5,0,1.08,2,-1,,,,,,,,,,,,,,,,,,,0,1,1,0,0,0
1762,中化生,12.28,3.53,40.69,1.06,54.6,0,1.94,4,1,,,,,,,,,,,,,,,,,,,1,1,1,0,1,0
1773,勝一,21.2,6.51,27.35,3.66,116,45.85,3.16,4,1,,,,,,,,,,,,,,,,,,,1,1,1,0,0,1
1776,展宇,6.4,0.88,17.1,1.13,17.25,8.75,6.55,3,-1,,,,,,,,,,,,,,,,,,,0,1,0,1,1,0
1783,和康生,6.44,0.81,45.22,0.47,39.9,37.87,1.18,4,1,,,,,,,,,,,,,,,,,,,0,1,1,0,1,1
1786,科妍,7.38,1.54,67.17,1.11,45.6,13.73,2.43,4,1,,,,,,,,,,,,,,,,,,,0,1,1,0,1,1
1789,神隆,3.08,0.41,43.52,0.44,24.5,64.4,1.8,4,1,,,,,,,,,,,,,,,,,,,0,1,1,0,1,1
1795,美時,7.58,2.59,46.1,0.54,157.5,0,0.34,2,-1,,,,,,,,,,,,,,,,,,,0,1,1,0,0,0
1802,台玻,6.39,1.08,17.92,0.64,18.3,30.09,3.5,3,-1,,,,,,,,,,,,,,,,,,,0,1,0,0,1,1
1805,寶徠,-8.24,-0.61,14.47,0.1,11.1,16.43,0.9,2,-1,,,,,,,,,,,,,,,,,,,0,0,0,0,1,1
1806,冠軍,-1.45,-0.23,23.22,0.66,8.42,6.94,7.84,3,-1,,,,,,,,,,,,,,,,,,,0,0,1,1,1,0
1808,潤隆,17.52,3.44,19.95,3.15,58.3,10.04,5.4,5,1,,,,,,,,,,,,,,,,,,,1,1,0,1,1,1
1809,中釉,-0.81,-0.09,19.01,0.21,11.95,14.19,1.76,2,-1,,,,,,,,,,,,,,,,,,,0,0,0,0,1,1
1810,和成,5.93,0.8,25.21,0.22,10,8.37,2.2,3,-1,,,,,,,,,,,,,,,,,,,0,1,1,0,1,0
1817,凱撒衛,13.58,3.13,32.32,2.06,35.7,15.21,5.77,6,1,,,,,,,,,,,,,,,,,,,1,1,1,1,1,1
1903,士紙,-4.4,-0.44,33.51,0,51.6,5.85,0,2,-1,,,,,,,,,,,,,,,,,,,0,0,1,0,1,0
1904,正隆,12.44,2.74,22.08,1.34,26.45,12.32,5.07,6,1,,,,,,,,,,,,,,,,,,,1,1,1,1,1,1
1905,華紙,1.22,0.2,8.69,0.44,16.2,57.63,2.72,3,-1,,,,,,,,,,,,,,,,,,,0,1,0,0,1,1
1906,寶隆,4.21,1.75,7.27,0.6,17.25,29.54,3.48,3,-1,,,,,,,,,,,,,,,,,,,0,1,0,0,1,1
1907,永豐餘,7.88,1.9,18.37,0.98,23.55,5.79,4.16,2,-1,,,,,,,,,,,,,,,,,,,0,1,0,0,1,0
1909,榮成,7.11,1.48,16.05,0.87,14.85,36.49,5.86,4,1,,,,,,,,,,,,,,,,,,,0,1,0,1,1,1
2002,中鋼,7.52,1.46,11.26,1.16,26.45,20.15,4.39,3,-1,,,,,,,,,,,,,,,,,,,0,1,0,0,1,1
2006,東和鋼鐵,10.32,2.73,12.22,2.37,50.2,0,4.72,3,-1,,,,,,,,,,,,,,,,,,,1,1,0,0,1,0
2007,燁興,-4.56,-0.48,1.87,0.04,10.1,73.56,0.4,2,-1,,,,,,,,,,,,,,,,,,,0,0,0,0,1,1
2008,高興昌,-3.97,-0.49,2.16,0,16.25,34.45,0,2,-1,,,,,,,,,,,,,,,,,,,0,0,0,0,1,1
2009,第一銅,3.31,0.42,2.85,0.76,22.2,39.44,3.42,3,-1,,,,,,,,,,,,,,,,,,,0,1,0,0,1,1
2010,春源,4.74,0.81,6.73,0.65,14.65,19.48,4.44,3,-1,,,,,,,,,,,,,,,,,,,0,1,0,0,1,1
2012,春雨,11.96,1.56,16.37,0.92,22.55,27.94,4.08,4,1,,,,,,,,,,,,,,,,,,,1,1,0,0,1,1
2013,中鋼構,6.31,1.49,3.38,1.26,52.2,43.18,2.41,3,-1,,,,,,,,,,,,,,,,,,,0,1,0,0,1,1
2014,中鴻,16.88,1.75,7.94,0.76,21.3,40.59,3.57,4,1,,,,,,,,,,,,,,,,,,,1,1,0,0,1,1
2015,豐興,15.22,4.91,13.62,3.8,59.5,0,6.39,4,1,,,,,,,,,,,,,,,,,,,1,1,0,1,1,0
2017,官田鋼,3.83,0.61,13.62,0.42,12.7,23.02,3.31,3,-1,,,,,,,,,,,,,,,,,,,0,1,0,0,1,1
2020,美亞,14.27,2.01,11.5,1.87,23.95,0,7.81,4,1,,,,,,,,,,,,,,,,,,,1,1,0,1,1,0
2022,聚亨,-2.64,-0.28,7.24,0,7.97,5.67,0,1,-1,,,,,,,,,,,,,,,,,,,0,0,0,0,1,0
2023,燁輝,3.7,0.66,8.14,0.28,13.75,4.15,2.04,2,-1,,,,,,,,,,,,,,,,,,,0,1,0,0,1,0
2024,志聯,6.19,0.75,12.44,0.64,18.5,30.4,3.46,3,-1,,,,,,,,,,,,,,,,,,,0,1,0,0,1,1
2025,千興,-10.03,-0.34,-4.19,0,4.62,13.81,0,2,-1,,,,,,,,,,,,,,,,,,,0,0,0,0,1,1
2027,大成鋼,12.36,2.78,20.57,1.48,38.1,6.53,3.88,4,1,,,,,,,,,,,,,,,,,,,1,1,1,0,1,0
2028,威致,28.03,2.22,8.86,0.5,23.3,13.22,2.15,4,1,,,,,,,,,,,,,,,,,,,1,1,0,0,1,1
2029,盛餘,5.22,1.49,9.82,1.04,23.3,65.76,4.46,3,-1,,,,,,,,,,,,,,,,,,,0,1,0,0,1,1
2030,彰源,13.24,1.91,12.72,1,23.3,24.03,4.29,4,1,,,,,,,,,,,,,,,,,,,1,1,0,0,1,1
2031,新光鋼,14.71,3.67,11.13,2.04,33.3,16,6.13,5,1,,,,,,,,,,,,,,,,,,,1,1,0,1,1,1
2032,新鋼,3.75,0.49,5.59,0.46,18.15,26.16,2.53,3,-1,,,,,,,,,,,,,,,,,,,0,1,0,0,1,1
2033,佳大,2.14,0.26,11.78,0.24,12.8,14.29,1.88,3,-1,,,,,,,,,,,,,,,,,,,0,1,0,0,1,1
2034,允強,9.91,1.93,11.24,1.62,27.05,17.62,5.99,4,1,,,,,,,,,,,,,,,,,,,0,1,0,1,1,1
2038,海光,0.71,0.2,2.22,0.68,19.15,32.67,3.55,3,-1,,,,,,,,,,,,,,,,,,,0,1,0,0,1,1
2049,上銀,12.51,10.13,34.45,3.76,175.5,0,2.14,3,-1,,,,,,,,,,,,,,,,,,,1,1,1,0,0,0
2059,川湖,14.48,15.7,52.96,7.9,466.5,16.59,1.69,4,1,,,,,,,,,,,,,,,,,,,1,1,1,0,0,1
2062,橋椿,2.65,0.89,12.86,0.26,22.75,14.93,1.14,3,-1,,,,,,,,,,,,,,,,,,,0,1,0,0,1,1
2069,運錩,11,2.5,8.01,1.46,21,28.44,6.95,5,1,,,,,,,,,,,,,,,,,,,1,1,0,1,1,1
2101,南港,4.76,0.64,18.67,0.48,36.6,4.28,1.31,2,-1,,,,,,,,,,,,,,,,,,,0,1,0,0,1,0
2102,泰豐,-13.11,-2.1,2.03,0.13,20,34.75,0.65,2,-1,,,,,,,,,,,,,,,,,,,0,0,0,0,1,1
2103,台橡,8.7,1.63,13.4,1.04,26.2,14.15,3.97,3,-1,,,,,,,,,,,,,,,,,,,0,1,0,0,1,1
2104,國際中橡,7.86,2.66,24.59,0.76,19.4,0,3.92,3,-1,,,,,,,,,,,,,,,,,,,0,1,1,0,1,0
2105,正新,5.89,1.47,22.8,1.26,35,8.1,3.6,3,-1,,,,,,,,,,,,,,,,,,,0,1,1,0,1,0
2106,建大,4.11,0.88,20.6,0.92,31.75,25.01,2.9,4,1,,,,,,,,,,,,,,,,,,,0,1,1,0,1,1
2107,厚生,4.76,1.5,28.75,0.97,20.2,24.6,4.8,4,1,,,,,,,,,,,,,,,,,,,0,1,1,0,1,1
2108,南帝,28.01,5.98,33.14,3.18,36.1,38.06,8.81,6,1,,,,,,,,,,,,,,,,,,,1,1,1,1,1,1
2109,華豐,1.21,-0.21,20.27,0.38,14.2,14.91,2.68,3,-1,,,,,,,,,,,,,,,,,,,0,0,1,0,1,1
2114,鑫永銓,21.09,7.26,38.13,5.4,101.5,15.5,5.32,5,1,,,,,,,,,,,,,,,,,,,1,1,1,1,0,1
2115,六暉-KY,14.16,3.86,23.74,1.64,30.5,7.73,5.38,5,1,,,,,,,,,,,,,,,,,,,1,1,1,1,1,0
2201,裕隆,-1.34,-1.21,20.43,0.85,40.75,35.88,2.09,3,-1,,,,,,,,,,,,,,,,,,,0,0,1,0,1,1
2204,中華,5.69,3.39,16.53,3.52,40.65,47.64,8.66,4,1,,,,,,,,,,,,,,,,,,,0,1,0,1,1,1
2206,三陽工業,9.65,1.86,18.01,1.13,37.35,0,3.03,2,-1,,,,,,,,,,,,,,,,,,,0,1,0,0,1,0
2207,和泰車,21.08,22.69,0,15,561,19.22,2.67,3,-1,,,,,,,,,,,,,,,,,,,1,1,0,0,0,1
2208,台船,-34.07,-4.81,-12.94,0.66,16,41.2,4.12,2,-1,,,,,,,,,,,,,,,,,,,0,0,0,0,1,1
2227,裕日車,27.83,19.59,15.16,17.51,188.5,87.83,9.29,4,1,,,,,,,,,,,,,,,,,,,1,1,0,1,0,1
2228,劍麟,10.85,5.4,25.65,3.66,74,25.63,4.95,5,1,,,,,,,,,,,,,,,,,,,1,1,1,0,1,1
2231,為升,19.07,6.75,46.26,4.87,163,23.1,2.99,4,1,,,,,,,,,,,,,,,,,,,1,1,1,0,0,1
2233,宇隆,14.97,7.08,35.72,4.04,98.2,21.58,4.11,4,1,,,,,,,,,,,,,,,,,,,1,1,1,0,0,1
2236,百達-KY,7.23,2.01,26.51,1.04,19.85,20.94,5.24,5,1,,,,,,,,,,,,,,,,,,,0,1,1,1,1,1
2239,英利-KY,8.89,6.96,17.57,3.05,71.3,39.02,4.28,3,-1,,,,,,,,,,,,,,,,,,,0,1,0,0,1,1
2241,艾姆勒,0.65,0.03,20.48,0.3,30.25,12.99,0.99,4,1,,,,,,,,,,,,,,,,,,,0,1,1,0,1,1
2243,宏旭-KY,-14.02,-2.15,3.88,0.3,13.9,26.5,2.16,2,-1,,,,,,,,,,,,,,,,,,,0,0,0,0,1,1
2247,汎德永業,10.21,12.79,11.81,9.39,207,35.06,4.54,3,-1,,,,,,,,,,,,,,,,,,,1,1,0,0,0,1
2301,光寶科,11.79,3.78,15.46,2.52,63.2,6.03,3.99,3,-1,,,,,,,,,,,,,,,,,,,1,1,0,0,1,0
2302,麗正,2.15,0.22,33.9,0.26,15.8,25.73,1.65,4,1,,,,,,,,,,,,,,,,,,,0,1,1,0,1,1
2303,聯電,8.17,1.84,20.69,1.34,35.35,6.32,3.79,3,-1,,,,,,,,,,,,,,,,,,,0,1,1,0,1,0
2305,全友,5.45,0.52,32.17,0,25.55,21.54,0,4,1,,,,,,,,,,,,,,,,,,,0,1,1,0,1,1
2308,台達電,14.87,8.62,28.26,5.2,252,7.33,2.06,3,-1,,,,,,,,,,,,,,,,,,,1,1,1,0,0,0
2312,金寶,1.94,0.23,6.31,0.28,13.35,9.28,2.1,2,-1,,,,,,,,,,,,,,,,,,,0,1,0,0,1,0
2313,華通,15.24,3.29,16.66,1.3,44.25,9.17,2.94,3,-1,,,,,,,,,,,,,,,,,,,1,1,0,0,1,0
2314,台揚,-3.21,-0.28,15.39,0.1,38.4,23.93,0.26,2,-1,,,,,,,,,,,,,,,,,,,0,0,0,0,1,1
2316,楠梓電,4.89,1.79,6.69,1.7,24.5,19.61,6.94,4,1,,,,,,,,,,,,,,,,,,,0,1,0,1,1,1
2317,鴻海,9.97,8.35,6.06,3.88,101,12.58,3.84,2,-1,,,,,,,,,,,,,,,,,,,0,1,0,0,0,1
2321,東訊,-8.72,-0.42,14.59,0,5.75,30.87,0,2,-1,,,,,,,,,,,,,,,,,,,0,0,0,0,1,1
2323,中環,-0.23,0.01,13.57,0.2,7.14,9.14,2.8,2,-1,,,,,,,,,,,,,,,,,,,0,1,0,0,1,0
2324,仁寶,8.35,2,3.39,1.44,21.45,5.45,6.71,3,-1,,,,,,,,,,,,,,,,,,,0,1,0,1,1,0
2327,國巨,33.2,37.27,42.28,18.59,281,7.57,6.62,4,1,,,,,,,,,,,,,,,,,,,1,1,1,1,0,0
2328,廣宇,8.46,1.75,9.52,0.91,32.1,3.91,2.83,2,-1,,,,,,,,,,,,,,,,,,,0,1,0,0,1,0
2329,華泰,2.23,0.35,7.67,0.23,16.35,0,1.41,2,-1,,,,,,,,,,,,,,,,,,,0,1,0,0,1,0
2330,台積電,25.2,16.61,49.94,2.75,417,6.56,0.66,3,-1,,,,,,,,,,,,,,,,,,,1,1,1,0,0,0
2331,精英,0.8,0.15,9.57,2.4,26,32.5,9.23,4,1,,,,,,,,,,,,,,,,,,,0,1,0,1,1,1
2332,友訊,2.48,0.27,28.43,0.28,14.55,5.3,1.92,3,-1,,,,,,,,,,,,,,,,,,,0,1,1,0,1,0
2337,旺宏,22.32,3.82,35.49,1.28,31,2.76,4.13,4,1,,,,,,,,,,,,,,,,,,,1,1,1,0,1,0
2338,光罩,9.96,2.37,19.99,1.13,54,7.44,2.09,2,-1,,,,,,,,,,,,,,,,,,,0,1,0,0,1,0
2340,台亞,8.63,1.58,30.33,1.85,33.45,23.97,5.53,5,1,,,,,,,,,,,,,,,,,,,0,1,1,1,1,1
2342,茂矽,1.96,0.33,18.34,0.25,34.45,31.36,0.73,3,-1,,,,,,,,,,,,,,,,,,,0,1,0,0,1,1
2344,華邦電,9.29,1.5,33.79,0.66,19.7,30.14,3.35,4,1,,,,,,,,,,,,,,,,,,,0,1,1,0,1,1
2345,智邦,33.7,7.29,19.57,5.36,266.5,1.77,2.01,2,-1,,,,,,,,,,,,,,,,,,,1,1,0,0,0,0
2347,聯強,17.49,5.39,4.09,3.02,53.3,22.61,5.67,5,1,,,,,,,,,,,,,,,,,,,1,1,0,1,1,1
2348,海悅,35.13,8.96,53.14,3.85,68.6,14.85,5.61,6,1,,,,,,,,,,,,,,,,,,,1,1,1,1,1,1
2349,錸德,-10.62,-1.19,9.03,0,7.54,3.27,0,1,-1,,,,,,,,,,,,,,,,,,,0,0,0,0,1,0
2351,順德,11.94,3.56,17.99,2.38,113.5,9.92,2.1,2,-1,,,,,,,,,,,,,,,,,,,1,1,0,0,0,0
2352,佳世達,13.25,2.66,13.25,1.39,27.1,17.6,5.13,5,1,,,,,,,,,,,,,,,,,,,1,1,0,1,1,1
2353,宏碁,8.39,1.69,10.89,1.21,21.85,3.67,5.54,3,-1,,,,,,,,,,,,,,,,,,,0,1,0,1,1,0
2354,鴻準,6.22,5.01,8.45,2.56,45.3,0.83,5.65,3,-1,,,,,,,,,,,,,,,,,,,0,1,0,1,1,0
2355,敬鵬,3.4,1.36,8.78,0.95,28.7,11.64,3.31,3,-1,,,,,,,,,,,,,,,,,,,0,1,0,0,1,1
2356,英業達,9.33,1.83,4.61,1.54,22.7,12.46,6.78,4,1,,,,,,,,,,,,,,,,,,,0,1,0,1,1,1
2357,華碩,10.76,27.74,16.39,22.4,234,5.7,9.57,3,-1,,,,,,,,,,,,,,,,,,,1,1,0,1,0,0
2358,廷鑫,4.56,0.56,8.49,0.11,16.05,10.53,0.69,3,-1,,,,,,,,,,,,,,,,,,,0,1,0,0,1,1
2359,所羅門,4.09,1.03,20.42,0.86,23.3,23.75,3.69,4,1,,,,,,,,,,,,,,,,,,,0,1,1,0,1,1
2360,致茂,18.32,6.53,47.09,4.63,176.5,4.96,2.62,3,-1,,,,,,,,,,,,,,,,,,,1,1,1,0,0,0
2362,藍天,2.77,1.87,22.77,0.99,31.35,9.1,3.16,3,-1,,,,,,,,,,,,,,,,,,,0,1,1,0,1,0
2363,矽統,-2.25,-0.28,33.86,0.58,16.65,24.31,3.48,3,-1,,,,,,,,,,,,,,,,,,,0,0,1,0,1,1
2364,倫飛,-16.2,-0.13,25.9,0.2,104.5,31.9,0.19,2,-1,,,,,,,,,,,,,,,,,,,0,0,1,0,0,1
2365,昆盈,3.05,0.42,25.66,0.28,10.7,6.26,2.62,3,-1,,,,,,,,,,,,,,,,,,,0,1,1,0,1,0
2367,燿華,2.8,0.48,10.1,0.58,19.2,7.56,3.02,2,-1,,,,,,,,,,,,,,,,,,,0,1,0,0,1,0
2368,金像電,10.94,1.88,16.81,0.77,93.8,0,0.82,2,-1,,,,,,,,,,,,,,,,,,,1,1,0,0,0,0
2369,菱生,0.54,0.05,7.75,0.55,12.95,4.71,4.25,2,-1,,,,,,,,,,,,,,,,,,,0,1,0,0,1,0
2371,大同,-17.63,-0.47,12.53,0,31.85,1.57,0,1,-1,,,,,,,,,,,,,,,,,,,0,0,0,0,1,0
2373,震旦行,19.07,6.43,44.02,6,80.6,52.63,7.44,5,1,,,,,,,,,,,,,,,,,,,1,1,1,1,0,1
2374,佳能,-0.73,-0.3,15.2,0.62,20.25,10.55,3.06,2,-1,,,,,,,,,,,,,,,,,,,0,0,0,0,1,1
2375,凱美,19.19,7.3,22.28,2.1,50.7,7.54,4.14,4,1,,,,,,,,,,,,,,,,,,,1,1,1,0,1,0
2376,技嘉,17.5,7.88,18.11,5.24,88.4,10.79,5.93,4,1,,,,,,,,,,,,,,,,,,,1,1,0,1,0,1
2377,微星,24.44,9.81,14.88,6.06,105.5,13.95,5.74,4,1,,,,,,,,,,,,,,,,,,,1,1,0,1,0,1
2379,瑞昱,28.07,15.78,44.91,12.9,269,6.21,4.8,3,-1,,,,,,,,,,,,,,,,,,,1,1,1,0,0,0
2380,虹光,-20.98,-1.88,21.49,0.17,11.1,8.84,1.53,2,-1,,,,,,,,,,,,,,,,,,,0,0,1,0,1,0
2382,廣達,14.37,5.42,5.15,4.49,74.2,13.04,6.05,5,1,,,,,,,,,,,,,,,,,,,1,1,0,1,1,1
2383,台光電,23.94,10.44,24.25,6.27,160,9.23,3.92,3,-1,,,,,,,,,,,,,,,,,,,1,1,1,0,0,0
2385,群光,19.26,7.22,17.11,5.15,80,10.47,6.44,5,1,,,,,,,,,,,,,,,,,,,1,1,0,1,1,1
2387,精元,7.13,2.65,13.33,1.48,37.1,32.21,3.99,3,-1,,,,,,,,,,,,,,,,,,,0,1,0,0,1,1
2388,威盛,21.42,3.58,31.22,0.36,75.3,9.4,0.48,4,1,,,,,,,,,,,,,,,,,,,1,1,1,0,1,0
2390,云辰,6.63,1.06,17.01,0.35,12.3,29.14,2.85,3,-1,,,,,,,,,,,,,,,,,,,0,1,0,0,1,1
2392,正崴,4.13,2.77,10.25,2,33.25,20.25,6.02,4,1,,,,,,,,,,,,,,,,,,,0,1,0,1,1,1
2393,億光,6.94,2.71,24.6,2.33,34.55,7,6.74,4,1,,,,,,,,,,,,,,,,,,,0,1,1,1,1,0
2395,研華,22.62,9.69,38.82,7.25,297,29.92,2.44,4,1,,,,,,,,,,,,,,,,,,,1,1,1,0,0,1
2397,友通,14.27,4.67,26.89,4.22,55.8,45.08,7.56,6,1,,,,,,,,,,,,,,,,,,,1,1,1,1,1,1
2399,映泰,4.17,0.41,12.95,0.7,12.15,7.53,5.76,3,-1,,,,,,,,,,,,,,,,,,,0,1,0,1,1,0
2401,凌陽,6.04,0.66,44.1,0.78,22.6,17.36,3.45,4,1,,,,,,,,,,,,,,,,,,,0,1,1,0,1,1
2402,毅嘉,1.48,0.28,9.32,0.81,17,14.22,4.76,3,-1,,,,,,,,,,,,,,,,,,,0,1,0,0,1,1
2404,漢唐,31.97,13,17.08,11.83,149.5,9.02,7.91,3,-1,,,,,,,,,,,,,,,,,,,1,1,0,1,0,0
2405,浩鑫,-0.13,-0.02,25.12,0.26,12.5,7.45,2.08,2,-1,,,,,,,,,,,,,,,,,,,0,0,1,0,1,0
2406,國碩,-16.37,-2.67,6.73,0.5,17.9,7.74,2.79,1,-1,,,,,,,,,,,,,,,,,,,0,0,0,0,1,0
2408,南亞科,17.74,8.06,40.15,3.42,47.55,29.36,7.19,6,1,,,,,,,,,,,,,,,,,,,1,1,1,1,1,1
2409,友達,7.62,1.84,12.02,0.72,0,0,0,2,-1,,,,,,,,,,,,,,,,,,,0,1,0,0,1,0
2412,中華電,9.51,4.55,35,4.49,111.5,35.29,4.03,3,-1,,,,,,,,,,,,,,,,,,,0,1,1,0,0,1
2413,環科,-3.33,-0.43,15.14,0.2,23.3,30.99,0.86,2,-1,,,,,,,,,,,,,,,,,,,0,0,0,0,1,1
2414,精技,10.95,2.13,8.76,1.79,28.85,33.29,6.2,5,1,,,,,,,,,,,,,,,,,,,1,1,0,1,1,1
2415,錩新,7.09,1.38,26.54,0.84,24.15,9.69,3.48,3,-1,,,,,,,,,,,,,,,,,,,0,1,1,0,1,0
2417,圓剛,8.29,1.29,50.78,0.49,19.45,17.31,2.52,4,1,,,,,,,,,,,,,,,,,,,0,1,1,0,1,1
2419,仲琦,7.26,0.86,20.77,0.87,24.5,90.7,3.55,4,1,,,,,,,,,,,,,,,,,,,0,1,1,0,1,1
2420,新巨,15.79,3.24,37.65,2.61,38.7,22.71,6.74,6,1,,,,,,,,,,,,,,,,,,,1,1,1,1,1,1
2421,建準,15.18,2.57,21.35,1.98,36.3,7.5,5.45,5,1,,,,,,,,,,,,,,,,,,,1,1,1,1,1,0
2423,固緯,12.41,1.97,49.83,1.5,24.85,8.94,6.04,5,1,,,,,,,,,,,,,,,,,,,1,1,1,1,1,0
2424,隴華,-52.63,-4.59,-316.78,0,20.85,54.39,0,2,-1,,,,,,,,,,,,,,,,,,,0,0,0,0,1,1
2425,承啟,7.31,1.14,7.51,0.61,22.9,28.71,2.66,3,-1,,,,,,,,,,,,,,,,,,,0,1,0,0,1,1
2426,鼎元,9.28,1.3,19.3,0.79,15.65,8.01,5.05,3,-1,,,,,,,,,,,,,,,,,,,0,1,0,1,1,0
2427,三商電,5.21,0.62,29.42,0.33,11.5,53.44,2.87,4,1,,,,,,,,,,,,,,,,,,,0,1,1,0,1,1
2428,興勤,18.97,9.59,40.35,4.72,116,21.26,4.07,4,1,,,,,,,,,,,,,,,,,,,1,1,1,0,0,1
2429,銘旺科,-20.04,-1.64,10.71,0,11.85,27.59,0,2,-1,,,,,,,,,,,,,,,,,,,0,0,0,0,1,1
2430,燦坤,6.91,2.01,15.5,1.67,43.9,31.5,3.8,3,-1,,,,,,,,,,,,,,,,,,,0,1,0,0,1,1
2431,聯昌,-0.69,-0.1,8.9,0.38,10.3,34.79,3.69,2,-1,,,,,,,,,,,,,,,,,,,0,0,0,0,1,1
2433,互盛電,12.49,3.9,30.21,3.58,46.85,27.31,7.64,6,1,,,,,,,,,,,,,,,,,,,1,1,1,1,1,1
2434,統懋,-31.59,-1.73,-28.21,0,27.15,79.31,0,2,-1,,,,,,,,,,,,,,,,,,,0,0,0,0,1,1
2436,偉詮電,11.42,1.98,26.18,1.54,41.1,0,3.75,4,1,,,,,,,,,,,,,,,,,,,1,1,1,0,1,0
2438,翔耀,0.5,-0.32,27.32,0,14.25,39.55,0,3,-1,,,,,,,,,,,,,,,,,,,0,0,1,0,1,1
2439,美律,19.07,10.74,13.85,8.21,82.6,8.36,9.94,3,-1,,,,,,,,,,,,,,,,,,,1,1,0,1,0,0
2440,太空梭,5.76,0.5,7.42,0.13,12.7,40.19,1.02,3,-1,,,,,,,,,,,,,,,,,,,0,1,0,0,1,1
2441,超豐,16.45,4.94,27.33,3.22,49.75,43.93,6.47,6,1,,,,,,,,,,,,,,,,,,,1,1,1,1,1,1
2442,新美齊,9.06,1.26,21.56,0.17,12.45,26.02,1.37,4,1,,,,,,,,,,,,,,,,,,,0,1,1,0,1,1
2443,昶虹,-32.98,-1.98,-9.78,0,2.8,9.33,0,1,-1,,,,,,,,,,,,,,,,,,,0,0,0,0,1,0
2444,兆勁,-3.9,-0.38,12.29,0.24,11.6,0,2.07,1,-1,,,,,,,,,,,,,,,,,,,0,0,0,0,1,0
2449,京元電子,11.56,2.61,28.15,1.99,30.55,0,6.51,5,1,,,,,,,,,,,,,,,,,,,1,1,1,1,1,0
2450,神腦,8.99,2.1,11.48,1.91,29.85,33.53,6.4,4,1,,,,,,,,,,,,,,,,,,,0,1,0,1,1,1
2451,創見,10.31,4.74,24.01,4.91,64,3.9,7.67,5,1,,,,,,,,,,,,,,,,,,,1,1,1,1,1,0
2453,凌群,7.1,1.34,22.78,1.12,23.8,21.94,4.71,4,1,,,,,,,,,,,,,,,,,,,0,1,1,0,1,1
2454,聯發科,12.96,28.02,41.38,27.9,548,2.69,5.09,4,1,,,,,,,,,,,,,,,,,,,1,1,1,1,0,0
2455,全新,18.85,2.92,39.49,2.82,55.5,6.08,5.08,5,1,,,,,,,,,,,,,,,,,,,1,1,1,1,1,0
2457,飛宏,-2.89,-0.44,12.21,1.88,35.65,28.33,5.27,3,-1,,,,,,,,,,,,,,,,,,,0,0,0,1,1,1
2458,義隆,31.76,8.82,46.63,7.38,84.2,0,8.76,4,1,,,,,,,,,,,,,,,,,,,1,1,1,1,0,0
2459,敦吉,10.77,4.32,16.86,3.16,49.7,14.21,6.36,5,1,,,,,,,,,,,,,,,,,,,1,1,0,1,1,1
2460,建通,-0.54,-0.09,11.5,0.55,14,52.81,3.93,2,-1,,,,,,,,,,,,,,,,,,,0,0,0,0,1,1
2461,光群雷,3.05,0.82,22.3,0.68,17.6,8.33,3.86,3,-1,,,,,,,,,,,,,,,,,,,0,1,1,0,1,0
2462,良得電,3.22,0.58,9.28,0.64,25.3,0,2.53,2,-1,,,,,,,,,,,,,,,,,,,0,1,0,0,1,0
2464,盟立,15.79,3.17,18.95,2.3,37.6,13.36,6.12,5,1,,,,,,,,,,,,,,,,,,,1,1,0,1,1,1
2465,麗臺,7.45,1.21,14.31,0.2,25.05,0,0.8,2,-1,,,,,,,,,,,,,,,,,,,0,1,0,0,1,0
2466,冠西電,1.11,0.12,10.92,0,31.55,10.27,0,3,-1,,,,,,,,,,,,,,,,,,,0,1,0,0,1,1
2467,志聖,19.63,3.16,33.01,2.4,45.25,4.22,5.3,5,1,,,,,,,,,,,,,,,,,,,1,1,1,1,1,0
2468,華經,3.69,0.6,11.11,0.44,16.45,65.36,2.67,3,-1,,,,,,,,,,,,,,,,,,,0,1,0,0,1,1
2471,資通,10.11,1.62,38.65,1.47,26.4,13.46,5.57,6,1,,,,,,,,,,,,,,,,,,,1,1,1,1,1,1
2472,立隆電,15.13,4.52,26.86,2.43,48.85,0,4.97,4,1,,,,,,,,,,,,,,,,,,,1,1,1,0,1,0
2474,可成,12.73,23.65,33.87,11.24,169,3.79,6.65,4,1,,,,,,,,,,,,,,,,,,,1,1,1,1,0,0
2476,鉅祥,8.66,2.1,27.98,1.49,45.2,9.75,3.3,3,-1,,,,,,,,,,,,,,,,,,,0,1,1,0,1,0
2477,美隆電,14.55,2.75,21.4,1.34,18.4,24.03,7.28,6,1,,,,,,,,,,,,,,,,,,,1,1,1,1,1,1
2478,大毅,12.93,4.38,26.57,2.42,40.1,14.46,6.03,6,1,,,,,,,,,,,,,,,,,,,1,1,1,1,1,1
2480,敦陽科,16.63,4.25,25.96,4.42,80.9,8.91,5.46,4,1,,,,,,,,,,,,,,,,,,,1,1,1,1,0,0
2481,強茂,10.05,2.27,24.15,1.41,57.2,16.3,2.47,5,1,,,,,,,,,,,,,,,,,,,1,1,1,0,1,1
2482,連宇,-1.72,-0.21,39.7,0.19,21.5,20.88,0.88,3,-1,,,,,,,,,,,,,,,,,,,0,0,1,0,1,1
2483,百容,5.93,1.31,21.97,1.06,29.65,15.49,3.58,4,1,,,,,,,,,,,,,,,,,,,0,1,1,0,1,1
2484,希華,7.05,1.4,21.48,1.18,31.8,8.85,3.71,3,-1,,,,,,,,,,,,,,,,,,,0,1,1,0,1,0
2485,兆赫,-1.14,-0.19,6.19,1.16,17.75,11.4,6.54,3,-1,,,,,,,,,,,,,,,,,,,0,0,0,1,1,1
2486,一詮,-1.76,-0.26,11.62,0.75,18.85,17.44,3.98,2,-1,,,,,,,,,,,,,,,,,,,0,0,0,0,1,1
2488,漢平,10.8,2.72,22.33,1.88,28.3,19.49,6.64,6,1,,,,,,,,,,,,,,,,,,,1,1,1,1,1,1
2489,瑞軒,6.82,1.22,9.76,1.2,9.62,11.73,12.47,4,1,,,,,,,,,,,,,,,,,,,0,1,0,1,1,1
2491,吉祥全,20.48,1.54,31.89,0.1,12.4,25.97,0.81,5,1,,,,,,,,,,,,,,,,,,,1,1,1,0,1,1
2492,華新科,28.7,17.93,36.4,7.27,74,21.02,9.82,6,1,,,,,,,,,,,,,,,,,,,1,1,1,1,1,1
2493,揚博,12.54,2.57,28.17,2.4,40.1,13.68,5.99,6,1,,,,,,,,,,,,,,,,,,,1,1,1,1,1,1
2495,普安,2.51,0.37,44.05,0.42,15.25,14.33,2.75,4,1,,,,,,,,,,,,,,,,,,,0,1,1,0,1,1
2496,卓越,12.49,5.46,47.5,3.91,46.95,26.75,8.33,6,1,,,,,,,,,,,,,,,,,,,1,1,1,1,1,1
2497,怡利電,-3.78,-0.52,21.29,1.52,78.9,23.92,1.93,3,-1,,,,,,,,,,,,,,,,,,,0,0,1,0,1,1
2498,宏達電,-12.4,-5.66,16.53,15.95,54.3,6.63,29.37,2,-1,,,,,,,,,,,,,,,,,,,0,0,0,1,1,0
2501,國建,7.55,1.51,23.74,1.18,15.9,2.85,7.42,4,1,,,,,,,,,,,,,,,,,,,0,1,1,1,1,0
2504,國產,9.62,1.5,11.24,0.87,24,14.34,3.62,3,-1,,,,,,,,,,,,,,,,,,,0,1,0,0,1,1
2505,國揚,13.8,2.08,28.14,0.58,17.8,7.43,3.26,4,1,,,,,,,,,,,,,,,,,,,1,1,1,0,1,0
2506,太設,0.99,0.05,41.23,0.18,9.4,8.09,1.91,3,-1,,,,,,,,,,,,,,,,,,,0,1,1,0,1,0
2509,全坤建,8.41,1.86,36.56,0.78,14.75,0,5.29,4,1,,,,,,,,,,,,,,,,,,,0,1,1,1,1,0
2511,太子,4.61,0.72,25,0.54,11.05,29.97,4.89,4,1,,,,,,,,,,,,,,,,,,,0,1,1,0,1,1
2514,龍邦,9.03,1.97,32.1,0.27,16.5,32.77,1.64,4,1,,,,,,,,,,,,,,,,,,,0,1,1,0,1,1
2515,中工,3.98,0.55,7.97,0.27,8.01,11.68,3.37,3,-1,,,,,,,,,,,,,,,,,,,0,1,0,0,1,1
2516,新建,-8.91,-0.92,-2.15,0.25,4.81,8.77,5.2,2,-1,,,,,,,,,,,,,,,,,,,0,0,0,1,1,0
2520,冠德,13.23,3.52,27.2,1.58,25.15,19.12,6.28,6,1,,,,,,,,,,,,,,,,,,,1,1,1,1,1,1
2524,京城,9.38,3.33,38.28,0.74,33.15,13.73,2.23,4,1,,,,,,,,,,,,,,,,,,,0,1,1,0,1,1
2527,宏璟,7.3,2.45,37.7,1.64,20.3,25.44,8.08,5,1,,,,,,,,,,,,,,,,,,,0,1,1,1,1,1
2528,皇普,-2.7,-0.24,25.89,0.19,18.95,67.16,1,3,-1,,,,,,,,,,,,,,,,,,,0,0,1,0,1,1
2530,華建,-1.71,-0.22,48.64,0.59,17.1,3.49,3.45,2,-1,,,,,,,,,,,,,,,,,,,0,0,1,0,1,0
2534,宏盛,13.42,2.65,42.76,1.14,24.7,6.75,4.62,4,1,,,,,,,,,,,,,,,,,,,1,1,1,0,1,0
2535,達欣工,11.13,2.84,10.93,1.92,30.9,15.88,6.21,5,1,,,,,,,,,,,,,,,,,,,1,1,0,1,1,1
2536,宏普,4.09,1.45,27.4,1.4,22.45,37.18,6.24,5,1,,,,,,,,,,,,,,,,,,,0,1,1,1,1,1
2537,聯上發,1.44,0.2,19.87,0.68,7.24,22.83,9.39,4,1,,,,,,,,,,,,,,,,,,,0,1,0,1,1,1
2538,基泰,-1.26,-0.22,52.92,0.58,0,6.14,0,2,-1,,,,,,,,,,,,,,,,,,,0,0,1,0,1,0
2539,櫻花建,13.68,1.92,29.76,0.62,31.8,17.41,1.95,5,1,,,,,,,,,,,,,,,,,,,1,1,1,0,1,1
2540,愛山林,9.63,3.19,39.99,0.9,73.4,0,1.23,3,-1,,,,,,,,,,,,,,,,,,,0,1,1,0,1,0
2542,興富發,14.22,3.78,28.68,2.5,39.85,4.26,6.27,5,1,,,,,,,,,,,,,,,,,,,1,1,1,1,1,0
2543,皇昌,-0.29,-0.06,0.65,0.12,8.66,50.41,1.39,2,-1,,,,,,,,,,,,,,,,,,,0,0,0,0,1,1
2545,皇翔,9.43,3.22,38.8,3.06,40.25,45.04,7.6,5,1,,,,,,,,,,,,,,,,,,,0,1,1,1,1,1
2546,根基,17.79,4.66,7.57,2.87,48.8,34.18,5.88,5,1,,,,,,,,,,,,,,,,,,,1,1,0,1,1,1
2547,日勝生,6.74,0.83,33.97,0.65,9.68,13.27,6.71,5,1,,,,,,,,,,,,,,,,,,,0,1,1,1,1,1
2548,華固,14.37,8.59,29.98,6.44,89.6,15.47,7.19,5,1,,,,,,,,,,,,,,,,,,,1,1,1,1,0,1
2597,潤弘,16.21,5.98,14.19,5.43,81.8,47.57,6.64,4,1,,,,,,,,,,,,,,,,,,,1,1,0,1,0,1
2601,益航,3.63,0.62,66.18,0.3,8.42,11.39,3.56,4,1,,,,,,,,,,,,,,,,,,,0,1,1,0,1,1
2603,長榮,31.68,10.54,20.59,4.36,149.5,0,2.92,3,-1,,,,,,,,,,,,,,,,,,,1,1,1,0,0,0
2605,新興,2.43,0.52,21.12,0.48,18.35,4.85,2.62,3,-1,,,,,,,,,,,,,,,,,,,0,1,1,0,1,0
2606,裕民,8.2,2.38,17.09,1.82,37.35,40.63,4.87,3,-1,,,,,,,,,,,,,,,,,,,0,1,0,0,1,1
2607,榮運,3.79,0.81,15.1,0.34,31.1,48.83,1.09,3,-1,,,,,,,,,,,,,,,,,,,0,1,0,0,1,1
2608,嘉里大榮,14.39,2.85,19.6,1.59,37.15,0,4.28,3,-1,,,,,,,,,,,,,,,,,,,1,1,0,0,1,0
2609,陽明,24.39,9.84,18.03,4.25,63.5,32.23,6.69,5,1,,,,,,,,,,,,,,,,,,,1,1,0,1,1,1
2610,華航,3.9,0.44,11.95,0.42,19.65,39.83,2.14,3,-1,,,,,,,,,,,,,,,,,,,0,1,0,0,1,1
2611,志信,1.16,0.25,20.81,0.37,13.7,26.58,2.7,4,1,,,,,,,,,,,,,,,,,,,0,1,1,0,1,1
2612,中航,4.6,2.34,20.81,1.44,33.45,22.39,4.3,4,1,,,,,,,,,,,,,,,,,,,0,1,1,0,1,1
2613,中櫃,2.6,0.64,11.68,0.53,26.7,35.35,1.99,3,-1,,,,,,,,,,,,,,,,,,,0,1,0,0,1,1
2614,東森,16.47,1.68,28.14,0.86,20.15,5.56,4.27,4,1,,,,,,,,,,,,,,,,,,,1,1,1,0,1,0
2615,萬海,31.73,10.14,21.93,2.68,70.3,3.04,3.81,4,1,,,,,,,,,,,,,,,,,,,1,1,1,0,1,0
2616,山隆,8.94,2.79,9.02,2.12,33.45,24.98,6.34,4,1,,,,,,,,,,,,,,,,,,,0,1,0,1,1,1
2617,台航,7.03,1.85,25.83,1.14,25.25,43.43,4.51,4,1,,,,,,,,,,,,,,,,,,,0,1,1,0,1,1
2618,長榮航,6.23,0.87,13.21,0.35,28,28.58,1.25,3,-1,,,,,,,,,,,,,,,,,,,0,1,0,0,1,1
2630,亞航,3.81,0.5,9.66,0.54,16.85,70.58,3.2,3,-1,,,,,,,,,,,,,,,,,,,0,1,0,0,1,1
2633,台灣高鐵,9.94,1.19,36.43,0.98,28.45,0,3.44,3,-1,,,,,,,,,,,,,,,,,,,0,1,1,0,1,0
2634,漢翔,9.76,1.42,10.91,0.84,34.15,36.35,2.46,3,-1,,,,,,,,,,,,,,,,,,,0,1,0,0,1,1
2636,台驊投控,22.67,8.41,18.4,4.17,66.1,0,6.31,4,1,,,,,,,,,,,,,,,,,,,1,1,0,1,1,0
2637,慧洋-KY,8.61,3.64,26.01,2.18,53.9,27.68,4.04,4,1,,,,,,,,,,,,,,,,,,,0,1,1,0,1,1
2642,宅配通,8.5,1.67,16.43,1.35,45.8,45.9,2.95,3,-1,,,,,,,,,,,,,,,,,,,0,1,0,0,1,1
2701,萬企,3.79,0.62,58.36,0.29,12.1,19.96,2.4,4,1,,,,,,,,,,,,,,,,,,,0,1,1,0,1,1
2702,華園,18.21,3.22,77.36,0.32,23.15,19.47,1.38,5,1,,,,,,,,,,,,,,,,,,,1,1,1,0,1,1
2704,國賓,2.34,0.63,32.86,0.58,30.75,21.18,1.89,4,1,,,,,,,,,,,,,,,,,,,0,1,1,0,1,1
2705,六福,-26.89,-2.66,17.77,0.04,16.6,13.76,0.24,2,-1,,,,,,,,,,,,,,,,,,,0,0,0,0,1,1
2706,第一店,4.03,0.71,73.7,0.29,14.85,19.81,1.95,4,1,,,,,,,,,,,,,,,,,,,0,1,1,0,1,1
2707,晶華,33.93,10.4,31.2,7.57,185,10.49,4.09,4,1,,,,,,,,,,,,,,,,,,,1,1,1,0,0,1
2712,遠雄來,0.72,0.09,27.4,0.63,33.35,0,1.89,3,-1,,,,,,,,,,,,,,,,,,,0,1,1,0,1,0
2722,夏都,2.75,0.48,41.52,0.3,33.65,58,0.89,4,1,,,,,,,,,,,,,,,,,,,0,1,1,0,1,1
2727,王品,6.3,3.7,45.77,4.44,135,8.09,3.29,2,-1,,,,,,,,,,,,,,,,,,,0,1,1,0,0,0
2731,雄獅,-1.4,0.19,13.34,3.92,96,20.68,4.08,2,-1,,,,,,,,,,,,,,,,,,,0,1,0,0,0,1
2739,寒舍,-12.85,-1.28,28.6,1.5,29.05,40.94,5.16,4,1,,,,,,,,,,,,,,,,,,,0,0,1,1,1,1
2748,雲品,11.58,2.11,27.79,1.6,51.5,68.59,3.11,5,1,,,,,,,,,,,,,,,,,,,1,1,1,0,1,1
2801,彰銀,0,1.05,0,0.47,17,25.12,2.76,3,-1,,,,,,,,,,,,,,,,,,,0,1,0,0,1,1
2809,京城銀,0,4.06,0,1.68,33.25,3.96,5.05,3,-1,,,,,,,,,,,,,,,,,,,0,1,0,1,1,0
2812,台中銀,0,1.11,0,0.3,13.1,3.2,2.29,2,-1,,,,,,,,,,,,,,,,,,,0,1,0,0,1,0
2816,旺旺保,13.43,3.1,33.27,0.86,14.85,20.88,5.79,6,1,,,,,,,,,,,,,,,,,,,1,1,1,1,1,1
2820,華票,0,1.1,0,0.8,14.5,34.22,5.52,4,1,,,,,,,,,,,,,,,,,,,0,1,0,1,1,1
2832,台產,7.24,1.75,36.01,0.97,20,26.58,4.85,4,1,,,,,,,,,,,,,,,,,,,0,1,1,0,1,1
2834,臺企銀,0,0.86,0,0.19,12.55,0,1.51,2,-1,,,,,,,,,,,,,,,,,,,0,1,0,0,1,0
2836,高雄銀,0,0.62,0,0.27,12.5,58.32,2.16,3,-1,,,,,,,,,,,,,,,,,,,0,1,0,0,1,1
2838,聯邦銀,0,1.06,0,0.13,14.8,11.39,0.88,3,-1,,,,,,,,,,,,,,,,,,,0,1,0,0,1,1
2845,遠東銀,0,0.93,0,0.42,10.9,6.74,3.85,2,-1,,,,,,,,,,,,,,,,,,,0,1,0,0,1,0
2849,安泰銀,0,1.19,0,0.76,14,28.51,5.43,4,1,,,,,,,,,,,,,,,,,,,0,1,0,1,1,1
2850,新產,15.04,5.43,33.19,2.28,46.3,6.35,4.92,4,1,,,,,,,,,,,,,,,,,,,1,1,1,0,1,0
2851,中再保,11.59,2.44,12.88,1.18,19.95,56.89,5.91,5,1,,,,,,,,,,,,,,,,,,,1,1,0,1,1,1
2852,第一保,7.19,1.49,30.72,0.72,14,0,5.14,4,1,,,,,,,,,,,,,,,,,,,0,1,1,1,1,0
2855,統一證,10.11,1.96,0,1.26,14.55,7.38,8.66,4,1,,,,,,,,,,,,,,,,,,,1,1,0,1,1,0
2867,三商壽,6.09,0.98,3.64,0.06,6.18,38.49,0.97,3,-1,,,,,,,,,,,,,,,,,,,0,1,0,0,1,1
2880,華南金,7.65,1.13,0,0.53,22.05,25.26,2.4,3,-1,,,,,,,,,,,,,,,,,,,0,1,0,0,1,1
2881,富邦金,12.5,7.24,0,2.56,48.9,26.22,5.24,5,1,,,,,,,,,,,,,,,,,,,1,1,0,1,1,1
2882,國泰金,10.66,5.79,0,2.4,39,1.33,6.15,4,1,,,,,,,,,,,,,,,,,,,1,1,0,1,1,0
2883,開發金,8.11,1.09,0,0.61,11.8,1.27,5.17,3,-1,,,,,,,,,,,,,,,,,,,0,1,0,1,1,0
2884,玉山金,10.96,1.55,0,0.68,25.35,1.81,2.68,3,-1,,,,,,,,,,,,,,,,,,,1,1,0,0,1,0
2885,元大金,9.77,1.91,0,0.96,19.3,4.64,4.97,2,-1,,,,,,,,,,,,,,,,,,,0,1,0,0,1,0
2886,兆豐金,8.5,1.96,0,1.58,30.65,20.59,5.15,4,1,,,,,,,,,,,,,,,,,,,0,1,0,1,1,1
2887,台新金,8.63,1.25,0,0.56,13.45,4.24,4.16,2,-1,,,,,,,,,,,,,,,,,,,0,1,0,0,1,0
2888,新光金,7.9,1.21,0,0.35,8.09,3.63,4.33,2,-1,,,,,,,,,,,,,,,,,,,0,1,0,0,1,0
2889,國票金,8.14,0.98,0,0.61,11.65,6.81,5.24,3,-1,,,,,,,,,,,,,,,,,,,0,1,0,1,1,0
2890,永豐金,8.05,1.06,0,0.67,16.85,2.7,3.98,2,-1,,,,,,,,,,,,,,,,,,,0,1,0,0,1,0
2891,中信金,11.9,2.16,0,1.08,19.7,1.46,5.48,4,1,,,,,,,,,,,,,,,,,,,1,1,0,1,1,0
2892,第一金,8.47,1.41,0,0.97,25.65,18.99,3.78,3,-1,,,,,,,,,,,,,,,,,,,0,1,0,0,1,1
2897,王道銀行,0,0.47,0,0.33,8.18,27.38,4.03,3,-1,,,,,,,,,,,,,,,,,,,0,1,0,0,1,1
2901,欣欣,2.7,0.32,85.71,0.29,23.5,57.82,1.23,4,1,,,,,,,,,,,,,,,,,,,0,1,1,0,1,1
2903,遠百,5.27,1.11,50.49,0.93,19.05,0,4.88,3,-1,,,,,,,,,,,,,,,,,,,0,1,1,0,1,0
2904,匯僑,11.82,1.68,41.99,1.43,18.95,34.17,7.55,6,1,,,,,,,,,,,,,,,,,,,1,1,1,1,1,1
2905,三商,8.1,2.2,0,0.86,14.5,0,5.93,3,-1,,,,,,,,,,,,,,,,,,,0,1,0,1,1,0
2906,高林,3.87,0.25,24.05,0.36,17.2,31.24,2.09,4,1,,,,,,,,,,,,,,,,,,,0,1,1,0,1,1
2908,特力,8.44,1.16,26.39,1.11,20.85,13.08,5.32,5,1,,,,,,,,,,,,,,,,,,,0,1,1,1,1,1
2910,統領,4.15,0.55,65.7,0.58,30.25,19.12,1.92,4,1,,,,,,,,,,,,,,,,,,,0,1,1,0,1,1
2911,麗嬰房,-5.97,-0.65,44.02,0.78,6.63,18.1,11.76,4,1,,,,,,,,,,,,,,,,,,,0,0,1,1,1,1
2912,統一超,33.5,13.63,33.89,12.16,284,45.9,4.28,4,1,,,,,,,,,,,,,,,,,,,1,1,1,0,0,1
2913,農林,-0.96,-0.17,38.11,0.48,21.1,35,2.27,3,-1,,,,,,,,,,,,,,,,,,,0,0,1,0,1,1
2915,潤泰全,28.83,16.51,48.49,4.3,50.3,6.76,8.55,5,1,,,,,,,,,,,,,,,,,,,1,1,1,1,1,0
2923,鼎固-KY,4.62,1.42,53.56,1.14,20.2,58.5,5.64,5,1,,,,,,,,,,,,,,,,,,,0,1,1,1,1,1
2929,淘帝-KY,-1.56,1.7,12.22,3.36,10.4,0,32.31,3,-1,,,,,,,,,,,,,,,,,,,0,1,0,1,1,0
2939,凱羿-KY,21.49,6.62,25.23,8.24,32.2,8.08,25.59,5,1,,,,,,,,,,,,,,,,,,,1,1,1,1,1,0
2945,三商家購,15.59,2.64,24.63,1.75,36.6,80.32,4.78,5,1,,,,,,,,,,,,,,,,,,,1,1,1,0,1,1
3002,歐格,2.31,0.33,26.51,0.33,11.8,25.98,2.8,4,1,,,,,,,,,,,,,,,,,,,0,1,1,0,1,1
3003,健和興,10.89,3.26,33.66,1.56,70.7,7.4,2.21,4,1,,,,,,,,,,,,,,,,,,,1,1,1,0,1,0
3004,豐達科,9.66,3.04,23.98,1.83,72.5,0,2.52,3,-1,,,,,,,,,,,,,,,,,,,0,1,1,0,1,0
3005,神基,16.25,4.5,27.55,3.1,41.45,34.13,7.48,6,1,,,,,,,,,,,,,,,,,,,1,1,1,1,1,1
3006,晶豪科,18.33,5.8,21.41,2.95,64.9,5.29,4.55,4,1,,,,,,,,,,,,,,,,,,,1,1,1,0,1,0
3008,大立光,22.16,181.64,66.81,56.03,1635,18.61,3.43,4,1,,,,,,,,,,,,,,,,,,,1,1,1,0,0,1
3010,華立,14.31,7.62,8.27,4.2,83.5,13.51,5.03,4,1,,,,,,,,,,,,,,,,,,,1,1,0,1,0,1
3011,今皓,-4.24,-0.44,10.39,0.04,14.6,10.44,0.27,2,-1,,,,,,,,,,,,,,,,,,,0,0,0,0,1,1
3013,晟銘電,3.89,0.48,8.94,0.34,14.4,0,2.36,2,-1,,,,,,,,,,,,,,,,,,,0,1,0,0,1,0
3014,聯陽,18.03,5.19,51.95,4.7,58.7,10.46,8.01,6,1,,,,,,,,,,,,,,,,,,,1,1,1,1,1,1
3015,全漢,3.94,2.06,11.95,2.12,37.35,23.57,5.68,4,1,,,,,,,,,,,,,,,,,,,0,1,0,1,1,1
3016,嘉晶,5.37,0.76,11.54,0.64,73.1,62.43,0.88,3,-1,,,,,,,,,,,,,,,,,,,0,1,0,0,1,1
3017,奇鋐,15.19,4.17,13.88,2.14,108,17.38,1.98,3,-1,,,,,,,,,,,,,,,,,,,1,1,0,0,0,1
3018,同開,-27.45,-1.85,4.48,0.26,8.99,5.71,2.89,1,-1,,,,,,,,,,,,,,,,,,,0,0,0,0,1,0
3019,亞光,8.08,3.25,19.45,2.12,56.6,6.98,3.75,2,-1,,,,,,,,,,,,,,,,,,,0,1,0,0,1,0
3021,鴻名,9.85,1.27,22.41,0.58,22.3,0,2.6,3,-1,,,,,,,,,,,,,,,,,,,0,1,1,0,1,0
3022,威強電,11.5,3.81,33.82,1.6,55.4,14.91,2.89,5,1,,,,,,,,,,,,,,,,,,,1,1,1,0,1,1
3023,信邦,22.57,7.65,25.31,5.41,262,8.48,2.06,3,-1,,,,,,,,,,,,,,,,,,,1,1,1,0,0,0
3024,憶聲,3.63,0.35,22,0.21,13.2,13.1,1.59,4,1,,,,,,,,,,,,,,,,,,,0,1,1,0,1,1
3025,星通,4.35,0.5,48.73,0.48,26.2,13.52,1.83,4,1,,,,,,,,,,,,,,,,,,,0,1,1,0,1,1
3026,禾伸堂,15.16,9.54,23.48,7.66,86.5,8.99,8.86,4,1,,,,,,,,,,,,,,,,,,,1,1,1,1,0,0
3027,盛達,-0.13,-0.04,32.99,0.15,25.4,19.5,0.59,3,-1,,,,,,,,,,,,,,,,,,,0,0,1,0,1,1
3028,增你強,10.17,2.26,5.46,1.97,25.75,12.21,7.65,5,1,,,,,,,,,,,,,,,,,,,1,1,0,1,1,1
3029,零壹,13.96,2.86,10.17,2.28,38.95,7.04,5.85,4,1,,,,,,,,,,,,,,,,,,,1,1,0,1,1,0
3030,德律,17.92,4.13,54.48,3.32,62.2,18.86,5.34,6,1,,,,,,,,,,,,,,,,,,,1,1,1,1,1,1
3031,佰鴻,6.22,1.03,25.01,0.8,14.5,31.68,5.52,5,1,,,,,,,,,,,,,,,,,,,0,1,1,1,1,1
3032,偉訓,11.6,3.04,16.76,2.28,27.95,30.28,8.16,5,1,,,,,,,,,,,,,,,,,,,1,1,0,1,1,1
3033,威健,12.77,2.19,5.99,1.45,25.35,10.83,5.72,5,1,,,,,,,,,,,,,,,,,,,1,1,0,1,1,1
3034,聯詠,33.45,23.02,35.32,18.7,217.5,4.49,8.6,4,1,,,,,,,,,,,,,,,,,,,1,1,1,1,0,0
3035,智原,10,2.32,50.67,1.78,135.5,14.06,1.31,4,1,,,,,,,,,,,,,,,,,,,1,1,1,0,0,1
3036,文曄,12.94,5.96,3.68,3.03,59.7,23.2,5.08,5,1,,,,,,,,,,,,,,,,,,,1,1,0,1,1,1
3037,欣興,9.12,3.28,14.18,1.44,117.5,14.31,1.23,2,-1,,,,,,,,,,,,,,,,,,,0,1,0,0,0,1
3038,全台,9.2,1.19,18.32,0.9,20.15,18.3,4.47,3,-1,,,,,,,,,,,,,,,,,,,0,1,0,0,1,1
3040,遠見,17.21,4.41,60.89,4.04,29.4,26.36,13.74,6,1,,,,,,,,,,,,,,,,,,,1,1,1,1,1,1
3041,揚智,-9.71,-1.52,30.64,1.89,20.05,1.11,9.43,3,-1,,,,,,,,,,,,,,,,,,,0,0,1,1,1,0
3042,晶技,13.66,4.41,27.64,3.66,71.5,6.58,5.12,5,1,,,,,,,,,,,,,,,,,,,1,1,1,1,1,0
3043,科風,-36.34,-0.01,21.16,0.22,7.15,0.73,3.08,2,-1,,,,,,,,,,,,,,,,,,,0,0,1,0,1,0
3044,健鼎,16.29,10.4,19.32,6.55,92.1,4.92,7.11,3,-1,,,,,,,,,,,,,,,,,,,1,1,0,1,0,0
3045,台灣大,19.54,4.53,25.92,4.9,95.6,5.86,5.13,4,1,,,,,,,,,,,,,,,,,,,1,1,1,1,0,0
3046,建碁,-6.52,-0.95,24.68,0.06,58.4,85.13,0.1,3,-1,,,,,,,,,,,,,,,,,,,0,0,1,0,1,1
3047,訊舟,2.28,-0.11,24.83,0.41,16.2,6.08,2.53,2,-1,,,,,,,,,,,,,,,,,,,0,0,1,0,1,0
3048,益登,15.45,2.43,3.05,1.6,27.7,21.15,5.78,5,1,,,,,,,,,,,,,,,,,,,1,1,0,1,1,1
3049,和鑫,5.92,0.69,25.05,0.22,9.49,8.12,2.32,3,-1,,,,,,,,,,,,,,,,,,,0,1,1,0,1,0
3050,鈺德,4.88,0.74,34.66,0.52,15.2,22.26,3.42,4,1,,,,,,,,,,,,,,,,,,,0,1,1,0,1,1
3051,力特,3.54,0.66,21.35,0,17.65,13.74,0,4,1,,,,,,,,,,,,,,,,,,,0,1,1,0,1,1
3052,夆典,4.47,0.66,5.43,0.51,9.85,7.75,5.18,3,-1,,,,,,,,,,,,,,,,,,,0,1,0,1,1,0
3054,立萬利,1.85,0.22,0.01,0.7,20.5,54.3,3.41,3,-1,,,,,,,,,,,,,,,,,,,0,1,0,0,1,1
3055,蔚華科,-2.11,-0.56,17.86,0.52,24.95,31.89,2.08,2,-1,,,,,,,,,,,,,,,,,,,0,0,0,0,1,1
3056,總太,13.02,2.97,27.77,2.48,31.8,14.81,7.8,6,1,,,,,,,,,,,,,,,,,,,1,1,1,1,1,1
3057,喬鼎,-16.07,-1.37,33.5,1.01,11.05,11.58,9.14,4,1,,,,,,,,,,,,,,,,,,,0,0,1,1,1,1
3058,立德,-6.87,-0.81,11.54,0.29,9.85,5.65,2.94,1,-1,,,,,,,,,,,,,,,,,,,0,0,0,0,1,0
3059,華晶科,1.42,0.46,18.09,0.54,32.85,0,1.64,2,-1,,,,,,,,,,,,,,,,,,,0,1,0,0,1,0
3060,銘異,-4.96,-1.04,7.67,1.82,17.1,6.28,10.64,2,-1,,,,,,,,,,,,,,,,,,,0,0,0,1,1,0
3062,建漢,1.46,0.25,6.43,0.22,23.7,3.05,0.93,2,-1,,,,,,,,,,,,,,,,,,,0,1,0,0,1,0
3090,日電貿,20.5,4.67,19.47,3.92,49.2,5.63,7.97,4,1,,,,,,,,,,,,,,,,,,,1,1,0,1,1,0
3092,鴻碩,14.6,3.24,23.93,2.88,37.15,8.9,7.75,5,1,,,,,,,,,,,,,,,,,,,1,1,1,1,1,0
3094,聯傑,4.19,0.57,67.91,0.86,25.2,10.39,3.41,4,1,,,,,,,,,,,,,,,,,,,0,1,1,0,1,1
3130,一零四,19.94,9.14,89.83,9.14,189,14.71,4.84,4,1,,,,,,,,,,,,,,,,,,,1,1,1,0,0,1
3138,耀登,12.01,2.49,42.62,1.38,137,13.32,1.01,4,1,,,,,,,,,,,,,,,,,,,1,1,1,0,0,1
3149,正達,-7.51,-0.57,-0.35,0.6,18.6,9.6,3.23,1,-1,,,,,,,,,,,,,,,,,,,0,0,0,0,1,0
3164,景岳,5.87,0.99,65.79,0.92,24.9,13.6,3.69,4,1,,,,,,,,,,,,,,,,,,,0,1,1,0,1,1
3167,大量,19.05,4.54,27.97,3,44,14.12,6.82,6,1,,,,,,,,,,,,,,,,,,,1,1,1,1,1,1
3189,景碩,2.7,1.43,20.94,1.9,94.4,25.44,2.01,3,-1,,,,,,,,,,,,,,,,,,,0,1,1,0,0,1
3209,全科,13.16,2.28,4.32,1.38,33.7,7.82,4.09,3,-1,,,,,,,,,,,,,,,,,,,1,1,0,0,1,0
3229,晟鈦,-21.32,-1.31,9.35,0.16,24.7,75.72,0.65,2,-1,,,,,,,,,,,,,,,,,,,0,0,0,0,1,1
3231,緯創,12.27,2.5,4.84,1.82,26.75,2.8,6.8,4,1,,,,,,,,,,,,,,,,,,,1,1,0,1,1,0
3257,虹冠電,11.4,2.47,46.74,2.99,39.7,39.35,7.53,6,1,,,,,,,,,,,,,,,,,,,1,1,1,1,1,1
3266,昇陽,1.55,0.33,18.23,0.72,10.9,13.01,6.61,4,1,,,,,,,,,,,,,,,,,,,0,1,0,1,1,1
3296,勝德,-0.38,-0.02,14.89,0.56,17,11.9,3.29,2,-1,,,,,,,,,,,,,,,,,,,0,0,0,0,1,1
3305,昇貿,5.68,1.8,12.66,1.39,41.45,11.04,3.35,3,-1,,,,,,,,,,,,,,,,,,,0,1,0,0,1,1
3308,聯德,-9.7,-0.87,4.96,0.14,12.75,29.55,1.1,2,-1,,,,,,,,,,,,,,,,,,,0,0,0,0,1,1
3311,閎暉,-3.42,-1.21,13.3,1.35,32.6,47.2,4.14,2,-1,,,,,,,,,,,,,,,,,,,0,0,0,0,1,1
3312,弘憶股,9.12,1.04,4.92,0.64,16.95,32.54,3.78,3,-1,,,,,,,,,,,,,,,,,,,0,1,0,0,1,1
3321,同泰,-29.18,-2.72,4.51,0.68,9.04,16.71,7.52,3,-1,,,,,,,,,,,,,,,,,,,0,0,0,1,1,1
3338,泰碩,11.82,2.08,20.95,1.38,33.1,20,4.17,5,1,,,,,,,,,,,,,,,,,,,1,1,1,0,1,1
3346,麗清,7.92,1.64,17.02,1.55,37.25,10.42,4.16,3,-1,,,,,,,,,,,,,,,,,,,0,1,0,0,1,1
3356,奇偶,2.52,0.55,40.29,2.52,30.9,18.72,8.16,5,1,,,,,,,,,,,,,,,,,,,0,1,1,1,1,1
3376,新日興,8.93,6.63,23.49,4.49,90.6,9.13,4.96,2,-1,,,,,,,,,,,,,,,,,,,0,1,1,0,0,0
3380,明泰,3.42,0.67,15.44,0.85,27.35,66.97,3.11,3,-1,,,,,,,,,,,,,,,,,,,0,1,0,0,1,1
3383,新世紀,-52.08,-2.39,-19.94,0,0,0,0,1,-1,,,,,,,,,,,,,,,,,,,0,0,0,0,1,0
3406,玉晶光,16.98,18.52,41.07,6.79,334,9.96,2.03,3,-1,,,,,,,,,,,,,,,,,,,1,1,1,0,0,0
3413,京鼎,25.3,13.49,24.53,6.53,183.5,7.99,3.56,3,-1,,,,,,,,,,,,,,,,,,,1,1,1,0,0,0
3416,融程電,11.26,3.39,35.04,3.32,77.3,44.79,4.29,5,1,,,,,,,,,,,,,,,,,,,1,1,1,0,1,1
3419,譁裕,-0.73,-0.08,19.58,0.2,16,10,1.25,2,-1,,,,,,,,,,,,,,,,,,,0,0,0,0,1,1
3432,台端,5.34,1.18,34.76,0.37,20.1,18.35,1.84,4,1,,,,,,,,,,,,,,,,,,,0,1,1,0,1,1
3437,榮創,-3.59,-0.72,9.77,0.89,16.6,2.96,5.36,2,-1,,,,,,,,,,,,,,,,,,,0,0,0,1,1,0
3443,創意,21.9,7.14,30.69,5.4,564,34.84,0.96,4,1,,,,,,,,,,,,,,,,,,,1,1,1,0,0,1
3450,聯鈞,14.13,3.12,24.49,2.04,40.25,8.03,5.07,5,1,,,,,,,,,,,,,,,,,,,1,1,1,1,1,0
3454,晶睿,8.86,3.49,32.71,2.48,129,59.02,1.92,3,-1,,,,,,,,,,,,,,,,,,,0,1,1,0,0,1
3481,群創,6.14,1.57,13.33,0.48,0,0,0,2,-1,,,,,,,,,,,,,,,,,,,0,1,0,0,1,0
3494,誠研,-24.66,-1.87,5.05,0.61,9.72,6.74,6.28,2,-1,,,,,,,,,,,,,,,,,,,0,0,0,1,1,0
3501,維熹,8.78,4.27,25.36,2.84,45.6,21.25,6.23,5,1,,,,,,,,,,,,,,,,,,,0,1,1,1,1,1
3504,揚明光,-1.04,-0.31,19.01,1.3,85.3,33.85,1.52,1,-1,,,,,,,,,,,,,,,,,,,0,0,0,0,0,1
3515,華擎,16.14,8.97,22.27,6.6,85.9,46.55,7.68,5,1,,,,,,,,,,,,,,,,,,,1,1,1,1,0,1
3518,柏騰,-8.67,-2.01,18.44,1.1,24.05,8.59,4.57,1,-1,,,,,,,,,,,,,,,,,,,0,0,0,0,1,0
3528,安馳,13.73,3.16,12.42,2.8,49.9,59.73,5.61,5,1,,,,,,,,,,,,,,,,,,,1,1,0,1,1,1
3530,晶相光,16.59,4.09,25.42,2.46,72.1,22.63,3.41,5,1,,,,,,,,,,,,,,,,,,,1,1,1,0,1,1
3532,台勝科,11.96,4.96,27.69,3.79,139,74.63,2.73,4,1,,,,,,,,,,,,,,,,,,,1,1,1,0,0,1
3533,嘉澤,18.48,21.46,36.27,10.78,741,9.23,1.45,3,-1,,,,,,,,,,,,,,,,,,,1,1,1,0,0,0
3535,晶彩科,1.4,0.17,25.06,0.6,26,0,2.31,3,-1,,,,,,,,,,,,,,,,,,,0,1,1,0,1,0
3536,誠創,-35.53,-1.17,6.74,0,4.85,23.73,0,2,-1,,,,,,,,,,,,,,,,,,,0,0,0,0,1,1
3543,州巧,-0.32,-0.07,13.57,0.86,20.05,19.14,4.29,2,-1,,,,,,,,,,,,,,,,,,,0,0,0,0,1,1
3545,敦泰,7.9,4.93,26.43,4.12,61.7,6.53,6.68,4,1,,,,,,,,,,,,,,,,,,,0,1,1,1,1,0
3550,聯穎,4.7,1.06,18.67,0.76,13.9,12.74,5.47,4,1,,,,,,,,,,,,,,,,,,,0,1,0,1,1,1
3557,嘉威,15.3,3.61,-10.46,2.42,49,8.68,4.94,3,-1,,,,,,,,,,,,,,,,,,,1,1,0,0,1,0
3563,牧德,41.34,18.97,64.62,6.8,125,10.19,5.44,5,1,,,,,,,,,,,,,,,,,,,1,1,1,1,0,1
3576,聯合再生,-19.85,-1.97,-6.51,1.02,21.25,12.3,4.8,2,-1,,,,,,,,,,,,,,,,,,,0,0,0,0,1,1
3583,辛耘,14.02,4.45,36.77,2.17,67.4,14.02,3.22,5,1,,,,,,,,,,,,,,,,,,,1,1,1,0,1,1
3588,通嘉,6.58,1.88,35.69,1.23,51,8.22,2.41,3,-1,,,,,,,,,,,,,,,,,,,0,1,1,0,1,0
3591,艾笛森,-1.75,-0.46,18.19,0.26,16.75,8.24,1.55,1,-1,,,,,,,,,,,,,,,,,,,0,0,0,0,1,0
3592,瑞鼎,24.34,20.67,27.89,15.2,220.5,16.34,6.89,5,1,,,,,,,,,,,,,,,,,,,1,1,1,1,0,1
3593,力銘,-10.66,-0.79,9.22,0.76,13.9,55.55,5.47,3,-1,,,,,,,,,,,,,,,,,,,0,0,0,1,1,1
3596,智易,11.5,6.33,13.57,4.68,95.5,18.81,4.9,3,-1,,,,,,,,,,,,,,,,,,,1,1,0,0,0,1
3605,宏致,5.93,2.3,21.67,0.81,29.3,15.31,2.76,4,1,,,,,,,,,,,,,,,,,,,0,1,1,0,1,1
3607,谷崧,-13.63,-4.07,0.96,1.26,12.35,10.16,10.2,3,-1,,,,,,,,,,,,,,,,,,,0,0,0,1,1,1
3617,碩天,9.64,5.08,40.63,4.41,93.5,18.63,4.72,3,-1,,,,,,,,,,,,,,,,,,,0,1,1,0,0,1
3622,洋華,3.27,0.94,16.44,0.76,26.55,33.68,2.86,3,-1,,,,,,,,,,,,,,,,,,,0,1,0,0,1,1
3645,達邁,11.14,2.29,32.73,1.24,33.5,15.45,3.7,5,1,,,,,,,,,,,,,,,,,,,1,1,1,0,1,1
3653,健策,11.97,6.08,28.25,4.51,385.5,25.89,1.17,4,1,,,,,,,,,,,,,,,,,,,1,1,1,0,0,1
3661,世芯-KY,15.78,10.29,33.91,4.82,857,3.01,0.56,3,-1,,,,,,,,,,,,,,,,,,,1,1,1,0,0,0
3665,貿聯-KY,16.11,13.46,23.75,8.16,275.5,3.13,2.96,3,-1,,,,,,,,,,,,,,,,,,,1,1,1,0,0,0
3673,TPK-KY,2.97,2.57,4.42,2.19,31.25,19.51,7.01,4,1,,,,,,,,,,,,,,,,,,,0,1,0,1,1,1
3679,新至陞,10.93,7.11,25.23,6.42,83.6,27.93,7.68,5,1,,,,,,,,,,,,,,,,,,,1,1,1,1,0,1
3682,亞太電,-14.84,-1.27,4.54,0.23,6.3,9.61,3.65,1,-1,,,,,,,,,,,,,,,,,,,0,0,0,0,1,0
3686,達能,-29.97,-2.1,-49.39,0.2,0,0,0,1,-1,,,,,,,,,,,,,,,,,,,0,0,0,0,1,0
3694,海華,4.35,0.55,11.12,0.6,18.55,48.28,3.23,3,-1,,,,,,,,,,,,,,,,,,,0,1,0,0,1,1
3701,大眾控,5.73,0.58,12.75,0,37.35,22.25,0,3,-1,,,,,,,,,,,,,,,,,,,0,1,0,0,1,1
3702,大聯大,13.8,4.71,4.07,2.82,45.85,7.04,6.15,4,1,,,,,,,,,,,,,,,,,,,1,1,0,1,1,0
3703,欣陸,5.06,1.51,12.96,1.02,30,32.77,3.4,3,-1,,,,,,,,,,,,,,,,,,,0,1,0,0,1,1
3704,合勤控,1.97,0.39,22.37,0.37,0,0,0,3,-1,,,,,,,,,,,,,,,,,,,0,1,1,0,1,0
3705,永信,10.85,2.62,45.26,2.02,39.55,15.64,5.11,6,1,,,,,,,,,,,,,,,,,,,1,1,1,1,1,1
3706,神達,11.14,4.39,12.65,1.36,26.9,17.13,5.06,5,1,,,,,,,,,,,,,,,,,,,1,1,0,1,1,1
3708,上緯投控,11.49,6.3,17.82,3.18,92.9,12.48,3.42,3,-1,,,,,,,,,,,,,,,,,,,1,1,0,0,0,1
4104,佳醫,6.93,3.81,19.67,3.22,64,10.99,5.03,4,1,,,,,,,,,,,,,,,,,,,0,1,0,1,1,1
4106,雃博,5.58,1.12,42.17,0.6,24.6,33.7,2.44,4,1,,,,,,,,,,,,,,,,,,,0,1,1,0,1,1
4108,懷特,-8.82,-0.87,51.72,0,17.8,17.86,0,3,-1,,,,,,,,,,,,,,,,,,,0,0,1,0,1,1
4119,旭富,10.06,4.07,36.04,3.37,86.8,32.31,3.88,4,1,,,,,,,,,,,,,,,,,,,1,1,1,0,0,1
4133,亞諾法,2.86,0.57,45.38,0.47,33.8,13.02,1.39,4,1,,,,,,,,,,,,,,,,,,,0,1,1,0,1,1
4137,麗豐-KY,26.61,13.99,83.16,10.72,152,35.31,7.05,5,1,,,,,,,,,,,,,,,,,,,1,1,1,1,0,1
4142,國光生,-9.63,-0.72,-1.54,0.1,33.9,17.31,0.29,2,-1,,,,,,,,,,,,,,,,,,,0,0,0,0,1,1
4148,全宇生技-KY,10.05,3,26.79,1.71,58.5,0.47,2.92,4,1,,,,,,,,,,,,,,,,,,,1,1,1,0,1,0
4155,訊映,8.67,1.58,22.19,1.52,24.65,9.83,6.17,4,1,,,,,,,,,,,,,,,,,,,0,1,1,1,1,0
4164,承業醫,4.92,1.9,31.26,1.78,41.45,0,4.29,3,-1,,,,,,,,,,,,,,,,,,,0,1,1,0,1,0
4190,佐登-KY,18.87,5.92,74.73,3.3,73.7,40.96,4.48,5,1,,,,,,,,,,,,,,,,,,,1,1,1,0,1,1
4306,炎洲,4.41,0.88,14,0.6,13.9,13.66,4.32,3,-1,,,,,,,,,,,,,,,,,,,0,1,0,0,1,1
4414,如興,-9.32,-1.28,14.21,0,0,0,0,1,-1,,,,,,,,,,,,,,,,,,,0,0,0,0,1,0
4426,利勤,2.7,0.6,10.89,0.49,23.7,9.79,2.07,2,-1,,,,,,,,,,,,,,,,,,,0,1,0,0,1,0
4438,廣越,10.14,6.71,14.23,5.09,136.5,40.26,3.73,3,-1,,,,,,,,,,,,,,,,,,,1,1,0,0,0,1
4439,冠星-KY,23.37,12.12,17.48,3.81,103.5,38.67,3.68,3,-1,,,,,,,,,,,,,,,,,,,1,1,0,0,0,1
4526,東台,0.03,-0.03,20.22,0.4,13.95,14.29,2.87,3,-1,,,,,,,,,,,,,,,,,,,0,0,1,0,1,1
4532,瑞智,8.43,1.62,13.37,0.97,17.15,37.11,5.66,4,1,,,,,,,,,,,,,,,,,,,0,1,0,1,1,1
4536,拓凱,14.47,8.16,30.88,5.1,157.5,21.36,3.24,4,1,,,,,,,,,,,,,,,,,,,1,1,1,0,0,1
4540,全球傳動,9.1,2.45,25.19,1.44,37.6,9.59,3.83,3,-1,,,,,,,,,,,,,,,,,,,0,1,1,0,1,0
4545,銘鈺,1.1,0.24,20.74,0.49,27.95,69.96,1.75,4,1,,,,,,,,,,,,,,,,,,,0,1,1,0,1,1
4551,智伸科,18.39,7.74,28.62,4.06,168.5,12.55,2.41,4,1,,,,,,,,,,,,,,,,,,,1,1,1,0,0,1
4552,力達-KY,10.68,5.1,21.43,2.22,28.45,47.94,7.8,6,1,,,,,,,,,,,,,,,,,,,1,1,1,1,1,1
4555,氣立,5.81,2.22,35.78,1.7,50.3,29.44,3.38,4,1,,,,,,,,,,,,,,,,,,,0,1,1,0,1,1
4557,永新-KY,12.87,4.93,30.81,4.6,110,21.51,4.18,4,1,,,,,,,,,,,,,,,,,,,1,1,1,0,0,1
4560,強信-KY,14.03,3.29,38.28,2.55,39.5,40.05,6.46,6,1,,,,,,,,,,,,,,,,,,,1,1,1,1,1,1
4562,穎漢,-1.65,-0.15,30.95,1.2,14.8,29.25,8.11,4,1,,,,,,,,,,,,,,,,,,,0,0,1,1,1,1
4564,元翎,9.51,2.19,28.8,1.7,25.6,17.13,6.64,5,1,,,,,,,,,,,,,,,,,,,0,1,1,1,1,1
4566,時碩工業,9.51,2.77,21.25,1.68,52.2,35.7,3.22,4,1,,,,,,,,,,,,,,,,,,,0,1,1,0,1,1
4571,鈞興-KY,18.47,5.73,33.2,2.28,71.7,13.4,3.18,5,1,,,,,,,,,,,,,,,,,,,1,1,1,0,1,1
4572,駐龍,11.07,4.43,41.66,3.8,124,20.8,3.06,4,1,,,,,,,,,,,,,,,,,,,1,1,1,0,0,1
4576,大銀微系統,6.49,1.52,34.6,0.46,75.4,34.3,0.61,4,1,,,,,,,,,,,,,,,,,,,0,1,1,0,1,1
4581,光隆精密-KY,14.05,3.23,26.99,1.3,32,18.61,4.06,5,1,,,,,,,,,,,,,,,,,,,1,1,1,0,1,1
4720,德淵,4.07,0.45,19.31,0.29,15.2,30.98,1.91,3,-1,,,,,,,,,,,,,,,,,,,0,1,0,0,1,1
4722,國精化,11.73,2.95,17.6,1.86,34.4,18.36,5.41,5,1,,,,,,,,,,,,,,,,,,,1,1,0,1,1,1
4737,華廣,5.07,1.82,44.06,2.44,77.3,39.32,3.16,4,1,,,,,,,,,,,,,,,,,,,0,1,1,0,1,1
4739,康普,8.86,3.57,11.39,2.33,96.1,26.42,2.42,2,-1,,,,,,,,,,,,,,,,,,,0,1,0,0,0,1
4746,台耀,6.13,3.86,33.03,1.87,48.3,11.05,3.87,4,1,,,,,,,,,,,,,,,,,,,0,1,1,0,1,1
4755,三福化,13.06,4.65,20.74,3.16,119.5,0,2.64,3,-1,,,,,,,,,,,,,,,,,,,1,1,1,0,0,0
4763,材料-KY,22.03,6.27,28.62,3.68,120,56.78,3.07,4,1,,,,,,,,,,,,,,,,,,,1,1,1,0,0,1
4764,雙鍵,12.14,3.59,20.97,1.92,50.2,9.54,3.82,4,1,,,,,,,,,,,,,,,,,,,1,1,1,0,1,0
4766,南寶,10.16,8.39,25.82,5.8,136.5,16.74,4.25,4,1,,,,,,,,,,,,,,,,,,,1,1,1,0,0,1
4807,日成-KY,13.13,2.14,23.84,2.43,19.4,43,12.53,6,1,,,,,,,,,,,,,,,,,,,1,1,1,1,1,1
4904,遠傳,13.28,2.85,33.1,3.45,69.5,32.94,4.96,5,1,,,,,,,,,,,,,,,,,,,1,1,1,0,1,1
4906,正文,5.52,1.45,10.39,1.29,27.1,4.19,4.76,2,-1,,,,,,,,,,,,,,,,,,,0,1,0,0,1,0
4912,聯德控股-KY,18.64,7.95,21.31,0.88,78.3,0,1.12,4,1,,,,,,,,,,,,,,,,,,,1,1,1,0,1,0
4915,致伸,14.84,4.6,12.2,2.8,60.9,3.64,4.6,3,-1,,,,,,,,,,,,,,,,,,,1,1,0,0,1,0
4916,事欣科,3.93,1.53,20.8,1.29,22.1,16.81,5.84,5,1,,,,,,,,,,,,,,,,,,,0,1,1,1,1,1
4919,新唐,15.23,3.67,39.43,2.39,107.5,52.5,2.22,4,1,,,,,,,,,,,,,,,,,,,1,1,1,0,0,1
4927,泰鼎-KY,12.9,4.81,17.59,2.65,49.8,1.57,5.32,4,1,,,,,,,,,,,,,,,,,,,1,1,0,1,1,0
4930,燦星網,4.45,0.66,15.68,2.62,25.5,44.41,10.27,4,1,,,,,,,,,,,,,,,,,,,0,1,0,1,1,1
4934,太極,-30.28,-2.89,-8.41,0.4,25,27.17,1.6,2,-1,,,,,,,,,,,,,,,,,,,0,0,0,0,1,1
4935,茂林-KY,10.02,5.22,17.74,2.76,53.3,18.23,5.18,5,1,,,,,,,,,,,,,,,,,,,1,1,0,1,1,1
4938,和碩,9.74,6.55,3.5,4.3,57.5,6.07,7.48,3,-1,,,,,,,,,,,,,,,,,,,0,1,0,1,1,0
4942,嘉彰,8.64,4.39,22.1,2.34,33.7,15.2,6.94,5,1,,,,,,,,,,,,,,,,,,,0,1,1,1,1,1
4943,康控-KY,-10.08,-0.59,27.79,2.45,12.05,30.12,20.33,4,1,,,,,,,,,,,,,,,,,,,0,0,1,1,1,1
4952,凌通,16.66,3.32,36.6,3.02,47.85,34.32,6.31,6,1,,,,,,,,,,,,,,,,,,,1,1,1,1,1,1
4956,光鋐,0.19,0.04,17.28,0.5,14.55,19.33,3.44,3,-1,,,,,,,,,,,,,,,,,,,0,1,0,0,1,1
4958,臻鼎-KY,14.19,9.19,20.21,4.35,102.5,32.75,4.24,4,1,,,,,,,,,,,,,,,,,,,1,1,1,0,0,1
4960,誠美材,-3.83,-0.63,2.62,1.15,9.79,2.72,11.75,2,-1,,,,,,,,,,,,,,,,,,,0,0,0,1,1,0
4961,天鈺,18.68,8.67,25.47,4.46,95.8,8.25,4.66,3,-1,,,,,,,,,,,,,,,,,,,1,1,1,0,0,0
4967,十銓,12.35,1.8,7.04,1.06,0,0,0,3,-1,,,,,,,,,,,,,,,,,,,1,1,0,0,1,0
4968,立積,22.95,5.55,33.42,2.3,100.5,8.29,2.29,3,-1,,,,,,,,,,,,,,,,,,,1,1,1,0,0,0
4976,佳凌,-0.99,-0.14,7.98,0.75,37.9,21.78,1.98,2,-1,,,,,,,,,,,,,,,,,,,0,0,0,0,1,1
4977,眾達-KY,15.54,5.12,24.32,4.16,112.5,18.48,3.7,4,1,,,,,,,,,,,,,,,,,,,1,1,1,0,0,1
4989,榮科,14.63,2.07,13.88,1.51,23.95,62.74,6.3,5,1,,,,,,,,,,,,,,,,,,,1,1,0,1,1,1
4994,傳奇,6.02,0.89,62.59,1.35,38.25,28.89,3.53,4,1,,,,,,,,,,,,,,,,,,,0,1,1,0,1,1
4999,鑫禾,10.17,4.49,31.22,2.8,36.65,17.13,7.64,6,1,,,,,,,,,,,,,,,,,,,1,1,1,1,1,1
5007,三星,14.77,3.16,22.8,2.6,52.8,9.48,4.92,4,1,,,,,,,,,,,,,,,,,,,1,1,1,0,1,0
5203,訊連,2.3,1.24,87.13,2.46,88.2,19.23,2.79,3,-1,,,,,,,,,,,,,,,,,,,0,1,1,0,0,1
5215,科嘉-KY,14.24,6.09,28.09,3.9,36.65,11.71,10.64,6,1,,,,,,,,,,,,,,,,,,,1,1,1,1,1,1
5222,全訊,19.77,3.06,50.71,1.7,132.5,8.92,1.28,3,-1,,,,,,,,,,,,,,,,,,,1,1,1,0,0,0
5225,東科-KY,4.51,1.22,10.41,0.85,30.8,1.46,2.76,2,-1,,,,,,,,,,,,,,,,,,,0,1,0,0,1,0
5234,達興材料,23.34,6.11,33.89,5.06,63.8,0,7.93,5,1,,,,,,,,,,,,,,,,,,,1,1,1,1,1,0
5243,乙盛-KY,7.55,2.62,15.66,1.68,58.5,35.58,2.87,3,-1,,,,,,,,,,,,,,,,,,,0,1,0,0,1,1
5244,弘凱,15.88,2.73,43.06,1.8,24.15,20.24,7.45,6,1,,,,,,,,,,,,,,,,,,,1,1,1,1,1,1
5258,虹堡,2.78,0.15,27.1,0.82,57.9,16.62,1.42,4,1,,,,,,,,,,,,,,,,,,,0,1,1,0,1,1
5269,祥碩,33.72,25.93,49.46,15.99,665,35.34,2.4,4,1,,,,,,,,,,,,,,,,,,,1,1,1,0,0,1
5283,禾聯碩,25.36,11.6,38.36,4.03,103.5,24.46,3.89,4,1,,,,,,,,,,,,,,,,,,,1,1,1,0,0,1
5284,jpp-KY,8.5,3.4,33.05,2.41,50.7,0,4.75,3,-1,,,,,,,,,,,,,,,,,,,0,1,1,0,1,0
5285,界霖,13.56,3.47,17.24,3.11,66.9,17.7,4.65,4,1,,,,,,,,,,,,,,,,,,,1,1,0,0,1,1
5288,豐祥-KY,19.29,8.55,18.21,4.6,176,58.82,2.61,3,-1,,,,,,,,,,,,,,,,,,,1,1,0,0,0,1
5306,桂盟,23.76,10.43,43.51,3.69,139,38.65,2.65,4,1,,,,,,,,,,,,,,,,,,,1,1,1,0,0,1
5388,中磊,13.24,4,14.08,2.62,81.7,5.07,3.21,2,-1,,,,,,,,,,,,,,,,,,,1,1,0,0,0,0
5434,崇越,18.27,9.44,12.13,6.56,154.5,10.26,4.25,3,-1,,,,,,,,,,,,,,,,,,,1,1,0,0,0,1
5469,瀚宇博,9.54,4.94,17.39,1.57,28.9,26.1,5.43,4,1,,,,,,,,,,,,,,,,,,,0,1,0,1,1,1
5471,松翰,19.23,4.06,42.11,3.68,49.05,10.95,7.5,6,1,,,,,,,,,,,,,,,,,,,1,1,1,1,1,1
5484,慧友,-12.9,-1.06,16.81,0.32,13.45,24.18,2.38,2,-1,,,,,,,,,,,,,,,,,,,0,0,0,0,1,1
5515,建國,5.79,0.94,9.68,0.67,11.45,27.02,5.85,4,1,,,,,,,,,,,,,,,,,,,0,1,0,1,1,1
5519,隆大,11.31,2.17,20.64,1.3,21.9,23.12,5.94,6,1,,,,,,,,,,,,,,,,,,,1,1,1,1,1,1
5521,工信,1.96,0.21,6.66,0.3,6.71,3.82,4.47,2,-1,,,,,,,,,,,,,,,,,,,0,1,0,0,1,0
5522,遠雄,8.09,4.27,26.51,2.4,57,0,4.21,3,-1,,,,,,,,,,,,,,,,,,,0,1,1,0,1,0
5525,順天,7.29,1.43,29.61,0.9,24.45,19.17,3.68,4,1,,,,,,,,,,,,,,,,,,,0,1,1,0,1,1
5531,鄉林,0.78,0.09,32.3,0,9.42,25.74,0,4,1,,,,,,,,,,,,,,,,,,,0,1,1,0,1,1
5533,皇鼎,5.15,1.38,24.93,0.7,17.3,10.37,4.05,4,1,,,,,,,,,,,,,,,,,,,0,1,1,0,1,1
5534,長虹,18.12,9.84,37.91,5.78,72.5,9.99,7.97,5,1,,,,,,,,,,,,,,,,,,,1,1,1,1,1,0
5538,東明-KY,16.76,4.19,16.38,2.2,42.55,25.61,5.17,5,1,,,,,,,,,,,,,,,,,,,1,1,0,1,1,1
5546,永固-KY,23.42,6.32,16.56,2.97,50.5,16.42,5.88,5,1,,,,,,,,,,,,,,,,,,,1,1,0,1,1,1
5607,遠雄港,9.16,2.08,54.82,0.88,57,17.78,1.54,4,1,,,,,,,,,,,,,,,,,,,0,1,1,0,1,1
5608,四維航,-6.67,-0.54,8.9,1.2,25.1,9.29,4.78,1,-1,,,,,,,,,,,,,,,,,,,0,0,0,0,1,0
5706,鳳凰,11.23,2,19.6,1.24,57.9,28.6,2.14,4,1,,,,,,,,,,,,,,,,,,,1,1,0,0,1,1
5871,中租-KY,21.61,11.46,66.09,4.72,179,4.47,2.64,3,-1,,,,,,,,,,,,,,,,,,,1,1,1,0,0,0
5876,上海商銀,0,3.22,0,1.87,48.7,3.24,3.84,2,-1,,,,,,,,,,,,,,,,,,,0,1,0,0,1,0
5880,合庫金,7.83,1.3,0,0.84,25.7,27.68,3.27,3,-1,,,,,,,,,,,,,,,,,,,0,1,0,0,1,1
5906,台南-KY,8.42,1.02,57.25,0.54,30.6,24.27,1.76,4,1,,,,,,,,,,,,,,,,,,,0,1,1,0,1,1
5907,大洋-KY,2.15,1.17,73.87,1.41,13.95,56.83,10.11,5,1,,,,,,,,,,,,,,,,,,,0,1,1,1,1,1
6005,群益證,9.4,1.42,0,0.83,10.45,3.26,7.94,3,-1,,,,,,,,,,,,,,,,,,,0,1,0,1,1,0
6024,群益期,13.28,3.64,0,2.53,34.4,56.58,7.35,5,1,,,,,,,,,,,,,,,,,,,1,1,0,1,1,1
6108,競國,7.14,1.68,13.95,1.4,16,12.91,8.75,4,1,,,,,,,,,,,,,,,,,,,0,1,0,1,1,1
6112,邁達特,13.2,2.84,10.79,2.2,31.65,0,6.95,4,1,,,,,,,,,,,,,,,,,,,1,1,0,1,1,0
6115,鎰勝,10.35,2.72,18.4,2.92,41.05,11.82,7.11,5,1,,,,,,,,,,,,,,,,,,,1,1,0,1,1,1
6116,彩晶,9.53,1.33,24.71,0.56,11.35,12.3,4.93,4,1,,,,,,,,,,,,,,,,,,,0,1,1,0,1,1
6117,迎廣,-4.85,-0.5,16.15,0.47,14.05,37.97,3.35,2,-1,,,,,,,,,,,,,,,,,,,0,0,0,0,1,1
6120,達運,-2.87,-0.41,3.06,0.4,8.82,28.65,4.54,2,-1,,,,,,,,,,,,,,,,,,,0,0,0,0,1,1
6128,上福,10.24,2.43,37.56,1.58,27.7,28.05,5.7,6,1,,,,,,,,,,,,,,,,,,,1,1,1,1,1,1
6133,金橋,-0.03,0.01,18.92,0.27,21.15,2.16,1.28,2,-1,,,,,,,,,,,,,,,,,,,0,1,0,0,1,0
6136,富爾特,4,0.97,19.69,1.41,17.85,7.81,7.9,3,-1,,,,,,,,,,,,,,,,,,,0,1,0,1,1,0
6139,亞翔,5.02,2.07,6.96,1.4,29.3,26.39,4.78,3,-1,,,,,,,,,,,,,,,,,,,0,1,0,0,1,1
6141,柏承,13.18,2.14,17.38,0.5,20.4,10.83,2.45,4,1,,,,,,,,,,,,,,,,,,,1,1,0,0,1,1
6142,友勁,-6.66,-0.7,6.04,0.35,9.01,64.16,3.88,2,-1,,,,,,,,,,,,,,,,,,,0,0,0,0,1,1
6152,百一,-8.4,-0.89,13.15,1.57,10.45,10.93,15.02,3,-1,,,,,,,,,,,,,,,,,,,0,0,0,1,1,1
6153,嘉聯益,2.65,0.67,12.86,0.22,27.15,25.87,0.81,3,-1,,,,,,,,,,,,,,,,,,,0,1,0,0,1,1
6155,鈞寶,5.22,0.85,27.41,0.82,20.3,22.8,4.04,4,1,,,,,,,,,,,,,,,,,,,0,1,1,0,1,1
6164,華興,-0.25,-0.02,27.33,0.56,10.1,11.39,5.54,4,1,,,,,,,,,,,,,,,,,,,0,0,1,1,1,1
6165,浪凡,5.05,0.59,12.54,0.01,25.05,0.08,0.04,2,-1,,,,,,,,,,,,,,,,,,,0,1,0,0,1,0
6166,凌華,6.24,1.32,37.99,1.14,51,31.18,2.24,4,1,,,,,,,,,,,,,,,,,,,0,1,1,0,1,1
6168,宏齊,6.95,0.97,21.75,1.12,16.1,21.94,6.96,5,1,,,,,,,,,,,,,,,,,,,0,1,1,1,1,1
6176,瑞儀,18.29,10.48,17.12,7.16,98.6,3.95,7.26,3,-1,,,,,,,,,,,,,,,,,,,1,1,0,1,0,0
6177,達麗,15.5,2.7,29.74,1.98,26.4,5.98,7.5,5,1,,,,,,,,,,,,,,,,,,,1,1,1,1,1,0
6183,關貿,14.55,2.12,40.72,1.75,69.3,48.92,2.53,5,1,,,,,,,,,,,,,,,,,,,1,1,1,0,1,1
6184,大豐電,10.3,3,46.63,2.8,48.3,11.67,5.8,6,1,,,,,,,,,,,,,,,,,,,1,1,1,1,1,1
6189,豐藝,14.37,2.96,8.02,2.61,35.8,10.31,7.29,5,1,,,,,,,,,,,,,,,,,,,1,1,0,1,1,1
6191,精成科,8.48,2.62,15.28,0.79,25.3,0,3.12,2,-1,,,,,,,,,,,,,,,,,,,0,1,0,0,1,0
6192,巨路,14.9,6.61,31.21,3.46,0,0,0,4,1,,,,,,,,,,,,,,,,,,,1,1,1,0,1,0
6196,帆宣,14.98,5.01,11.28,3.21,108,51.85,2.97,3,-1,,,,,,,,,,,,,,,,,,,1,1,0,0,0,1
6197,佳必琪,9.4,2.32,22.62,2.52,37.25,33.83,6.77,5,1,,,,,,,,,,,,,,,,,,,0,1,1,1,1,1
6201,亞弘電,10.67,2.93,20.1,2.66,39.75,15.9,6.69,6,1,,,,,,,,,,,,,,,,,,,1,1,1,1,1,1
6202,盛群,27.23,5.29,49.21,5.11,65.4,7.49,7.81,5,1,,,,,,,,,,,,,,,,,,,1,1,1,1,1,0
6205,詮欣,7.56,1.9,30.7,1.48,78.3,13.17,1.89,4,1,,,,,,,,,,,,,,,,,,,0,1,1,0,1,1
6206,飛捷,15.15,4.94,32.33,4.4,68.3,19.88,6.44,6,1,,,,,,,,,,,,,,,,,,,1,1,1,1,1,1
6209,今國光,-3.93,-0.85,5.26,0.88,24.9,0,3.53,1,-1,,,,,,,,,,,,,,,,,,,0,0,0,0,1,0
6213,聯茂,22.38,7.06,17.42,4.38,58.5,18.43,7.49,5,1,,,,,,,,,,,,,,,,,,,1,1,0,1,1,1
6214,精誠,10.48,5.6,24.96,5,67.6,9.36,7.4,5,1,,,,,,,,,,,,,,,,,,,1,1,1,1,1,0
6215,和椿,8.05,1.2,26.2,0.78,20.15,20.16,3.87,4,1,,,,,,,,,,,,,,,,,,,0,1,1,0,1,1
6216,居易,10.86,1.92,49.86,1.81,25.9,19.7,6.99,6,1,,,,,,,,,,,,,,,,,,,1,1,1,1,1,1
6224,聚鼎,16.79,4.82,46.22,3.85,54,22.63,7.13,6,1,,,,,,,,,,,,,,,,,,,1,1,1,1,1,1
6225,天瀚,-159.53,-0.1,-67.76,0,8,8.66,0,1,-1,,,,,,,,,,,,,,,,,,,0,0,0,0,1,0
6226,光鼎,2.09,0.24,29.81,0.17,10.5,12.31,1.62,4,1,,,,,,,,,,,,,,,,,,,0,1,1,0,1,1
6230,尼得科超眾,14.7,6.78,20.01,3.1,97.4,0,3.18,3,-1,,,,,,,,,,,,,,,,,,,1,1,1,0,0,0
6235,華孚,4.92,0.66,19.46,0.46,31.9,21.71,1.44,3,-1,,,,,,,,,,,,,,,,,,,0,1,0,0,1,1
6239,力成,15.32,8.64,20.69,5.12,76.6,6.57,6.68,5,1,,,,,,,,,,,,,,,,,,,1,1,1,1,1,0
6243,迅杰,-8.27,-0.47,24.89,0.89,24.45,24.41,3.64,3,-1,,,,,,,,,,,,,,,,,,,0,0,1,0,1,1
6251,定穎,4.42,0.8,11.52,0.69,0,0,0,2,-1,,,,,,,,,,,,,,,,,,,0,1,0,0,1,0
6257,矽格,13.89,3.9,28.85,2.6,43.2,5.18,6.02,5,1,,,,,,,,,,,,,,,,,,,1,1,1,1,1,0
6269,台郡,14.3,9.09,20.44,5.02,84.3,7.63,5.95,4,1,,,,,,,,,,,,,,,,,,,1,1,1,1,0,0
6271,同欣電,9.63,7.98,26.69,5.79,167.5,9.29,3.46,2,-1,,,,,,,,,,,,,,,,,,,0,1,1,0,0,0
6277,宏正,24.11,8.64,59.09,3.2,76,12.84,4.21,5,1,,,,,,,,,,,,,,,,,,,1,1,1,0,1,1
6278,台表科,14.39,6.5,11.19,2.94,84,8.66,3.5,2,-1,,,,,,,,,,,,,,,,,,,1,1,0,0,0,0
6281,全國電,19.94,5,18.97,4.4,80.9,12.51,5.44,4,1,,,,,,,,,,,,,,,,,,,1,1,0,1,0,1
6282,康舒,10.91,1.83,15.41,1.04,28,24.79,3.71,4,1,,,,,,,,,,,,,,,,,,,1,1,0,0,1,1
6283,淳安,-1.49,-0.04,17.03,0.1,32.4,47.46,0.31,2,-1,,,,,,,,,,,,,,,,,,,0,0,0,0,1,1
6285,啟碁,10.64,4.33,11.87,2.86,82,24.83,3.49,3,-1,,,,,,,,,,,,,,,,,,,1,1,0,0,0,1
6288,聯嘉,5.36,0.7,19.59,0.56,22.8,21.2,2.46,3,-1,,,,,,,,,,,,,,,,,,,0,1,0,0,1,1
6289,華上,-215.93,-0.51,-108.8,0,0,0,0,1,-1,,,,,,,,,,,,,,,,,,,0,0,0,0,1,0
6405,悅城,2.07,0.65,18.65,0.82,19.6,13.61,4.18,3,-1,,,,,,,,,,,,,,,,,,,0,1,0,0,1,1
6409,旭隼,41.13,23.79,27.73,22.25,1395,17.77,1.59,4,1,,,,,,,,,,,,,,,,,,,1,1,1,0,0,1
6412,群電,21.64,4.84,16.73,3.5,66.1,59.47,5.3,5,1,,,,,,,,,,,,,,,,,,,1,1,0,1,1,1
6414,樺漢,12.11,13.7,22.36,6.36,189,33.81,3.37,4,1,,,,,,,,,,,,,,,,,,,1,1,1,0,0,1
6415,矽力*-KY,19.59,33.01,48.65,9.68,424.5,0,2.28,3,-1,,,,,,,,,,,,,,,,,,,1,1,1,0,0,0
6416,瑞祺電通,15.27,4.72,19.95,3.1,91,27.48,3.41,3,-1,,,,,,,,,,,,,,,,,,,1,1,0,0,0,1
6426,統新,6.55,1.89,44.26,1.9,71.8,14.41,2.65,4,1,,,,,,,,,,,,,,,,,,,0,1,1,0,1,1
6431,光麗-KY,-11.05,-1.07,-16.3,1,20.6,2.72,4.85,1,-1,,,,,,,,,,,,,,,,,,,0,0,0,0,1,0
6438,迅得,17.58,5.54,28.33,3.75,86.6,13.82,4.33,4,1,,,,,,,,,,,,,,,,,,,1,1,1,0,0,1
6442,光聖,2.5,0.75,17.44,1.41,46.5,11.77,3.03,3,-1,,,,,,,,,,,,,,,,,,,0,1,0,0,1,1
6443,元晶,-12.88,-1.2,0.46,0,35.3,1.3,0,1,-1,,,,,,,,,,,,,,,,,,,0,0,0,0,1,0
6449,鈺邦,11.37,2.63,26.24,1.55,40.1,21.99,3.87,5,1,,,,,,,,,,,,,,,,,,,1,1,1,0,1,1
6451,訊芯-KY,7.26,4.14,23.26,2.72,84.6,59.52,3.22,3,-1,,,,,,,,,,,,,,,,,,,0,1,1,0,0,1
6456,GIS-KY,19.07,13.45,9.44,5.1,79.5,23.63,6.42,5,1,,,,,,,,,,,,,,,,,,,1,1,0,1,1,1
6464,台數科,11.99,6.57,48.2,4.33,92,6.67,4.71,3,-1,,,,,,,,,,,,,,,,,,,1,1,1,0,0,0
6477,安集,9.77,1.87,20.58,0.77,43.2,16.35,1.78,4,1,,,,,,,,,,,,,,,,,,,0,1,1,0,1,1
6491,晶碩,22.12,9.95,49.44,3.7,372,41.84,0.99,4,1,,,,,,,,,,,,,,,,,,,1,1,1,0,0,1
6504,南六,19.76,8.9,19.92,5.44,70.1,14.3,7.76,5,1,,,,,,,,,,,,,,,,,,,1,1,0,1,1,1
6505,台塑化,13.98,4.91,9.53,2.54,81.4,75.82,3.12,3,-1,,,,,,,,,,,,,,,,,,,1,1,0,0,0,1
6525,捷敏-KY,20.71,5.92,31.56,4.1,68.3,51.53,6,6,1,,,,,,,,,,,,,,,,,,,1,1,1,1,1,1
6531,愛普*,15.8,4.89,25.81,2.8,153,0,1.83,3,-1,,,,,,,,,,,,,,,,,,,1,1,1,0,0,0
6533,晶心科,3.1,1.26,99.8,1.5,385,18.73,0.39,3,-1,,,,,,,,,,,,,,,,,,,0,1,1,0,0,1
6541,泰福-KY,-56.06,-7.49,0,0,49.9,31.45,0,2,-1,,,,,,,,,,,,,,,,,,,0,0,0,0,1,1
6550,北極星藥業-KY,-69.24,-2.46,0,0,119.5,70.17,0,1,-1,,,,,,,,,,,,,,,,,,,0,0,0,0,0,1
6552,易華電,11.43,2.59,18.75,1.56,32.7,52.87,4.77,4,1,,,,,,,,,,,,,,,,,,,1,1,0,0,1,1
6558,興能高,9.39,1.39,22.4,0.9,18.8,16.19,4.79,4,1,,,,,,,,,,,,,,,,,,,0,1,1,0,1,1
6573,虹揚-KY,-4.76,-0.48,11.54,0.25,13.3,1.99,1.88,1,-1,,,,,,,,,,,,,,,,,,,0,0,0,0,1,0
6579,研揚,9.55,5.09,31.5,3.63,72.3,60.52,5.02,5,1,,,,,,,,,,,,,,,,,,,0,1,1,1,1,1
6581,鋼聯,20.35,5.41,51.75,3.99,89.7,72.31,4.45,4,1,,,,,,,,,,,,,,,,,,,1,1,1,0,0,1
6582,申豐,28.1,12.43,36.78,7.31,52.9,49.7,13.82,6,1,,,,,,,,,,,,,,,,,,,1,1,1,1,1,1
6585,鼎基,4.11,1.55,20.03,2.1,51.5,37.57,4.08,4,1,,,,,,,,,,,,,,,,,,,0,1,1,0,1,1
6591,動力-KY,11.75,4.66,27.56,2.34,40.65,19.83,5.76,6,1,,,,,,,,,,,,,,,,,,,1,1,1,1,1,1
6592,和潤企業,14.49,5.11,63.98,3.3,100.5,68.36,3.28,4,1,,,,,,,,,,,,,,,,,,,1,1,1,0,0,1
6598,ABC-KY,-47.61,-3.69,50.63,0,27.5,0,0,2,-1,,,,,,,,,,,,,,,,,,,0,0,1,0,1,0
6605,帝寶,6.39,5.2,25.74,1.92,69.4,14.78,2.77,4,1,,,,,,,,,,,,,,,,,,,0,1,1,0,1,1
6625,必應,-1.56,-0.28,12.81,0.47,30,13.58,1.57,2,-1,,,,,,,,,,,,,,,,,,,0,0,0,0,1,1
6641,基士德-KY,18.74,6.26,39.17,3.47,55.4,13.09,6.26,6,1,,,,,,,,,,,,,,,,,,,1,1,1,1,1,1
6655,科定,13.76,4.09,53.2,4.8,138,22.25,3.48,4,1,,,,,,,,,,,,,,,,,,,1,1,1,0,0,1
6666,羅麗芬-KY,23.82,6.51,62.94,3.5,71,43.86,4.93,5,1,,,,,,,,,,,,,,,,,,,1,1,1,0,1,1
6668,中揚光,6.91,1.29,37.53,0.96,37.4,24.63,2.57,4,1,,,,,,,,,,,,,,,,,,,0,1,1,0,1,1
6669,緯穎,48.52,36.97,6.81,20.01,805,39.99,2.49,3,-1,,,,,,,,,,,,,,,,,,,1,1,0,0,0,1
6670,復盛應用,37.83,14.36,23.89,9.32,180,7.82,5.18,4,1,,,,,,,,,,,,,,,,,,,1,1,1,1,0,0
6671,三能-KY,13.09,3.61,37.98,3,38.8,2.68,7.73,5,1,,,,,,,,,,,,,,,,,,,1,1,1,1,1,0
6672,騰輝電子-KY,26.09,7.2,27.6,3.83,60.5,14.13,6.33,6,1,,,,,,,,,,,,,,,,,,,1,1,1,1,1,1
6674,鋐寶科技,5.76,1.48,14.35,1.4,23.25,47.73,6.02,4,1,,,,,,,,,,,,,,,,,,,0,1,0,1,1,1
6691,洋基工程,28.63,15.07,15.6,10.46,165,21.78,6.34,4,1,,,,,,,,,,,,,,,,,,,1,1,0,1,0,1
6698,旭暉應材,9.46,1.35,35.96,0.68,29.5,32.38,2.31,4,1,,,,,,,,,,,,,,,,,,,0,1,1,0,1,1
6706,惠特,25.21,8.2,34.72,4.39,82.7,9.79,5.31,4,1,,,,,,,,,,,,,,,,,,,1,1,1,1,0,0
6715,嘉基,20.58,3.49,25.3,1.32,138.5,51.37,0.95,4,1,,,,,,,,,,,,,,,,,,,1,1,1,0,0,1
6743,安普新,14.26,2.45,21.84,1,33.6,25.11,2.98,5,1,,,,,,,,,,,,,,,,,,,1,1,1,0,1,1
6754,匯僑設計,13.78,3.61,23.16,2.22,44,61.59,5.05,6,1,,,,,,,,,,,,,,,,,,,1,1,1,1,1,1
6756,威鋒電子,23.7,5.31,50.18,3.76,182,57.38,2.07,4,1,,,,,,,,,,,,,,,,,,,1,1,1,0,0,1
8011,台通,-3.12,-0.34,11.91,0.99,14.4,19.46,6.87,3,-1,,,,,,,,,,,,,,,,,,,0,0,0,1,1,1
8016,矽創,31.11,17.24,35.28,11.3,164.5,6.54,6.87,4,1,,,,,,,,,,,,,,,,,,,1,1,1,1,0,0
8021,尖點,6.26,1.93,29.74,1.34,25.15,9.87,5.33,4,1,,,,,,,,,,,,,,,,,,,0,1,1,1,1,0
8028,昇陽半導體,9.61,1.7,29.41,1.32,53,5.5,2.49,3,-1,,,,,,,,,,,,,,,,,,,0,1,1,0,1,0
8033,雷虎,-2.75,-0.32,35.56,0,18.2,3.19,0,2,-1,,,,,,,,,,,,,,,,,,,0,0,1,0,1,0
8039,台虹,9.69,3.4,21.95,2.5,39.65,11.19,6.31,5,1,,,,,,,,,,,,,,,,,,,0,1,1,1,1,1
8046,南電,6.79,3.72,9.75,3.06,188.5,66.97,1.62,2,-1,,,,,,,,,,,,,,,,,,,0,1,0,0,0,1
8070,長華*,17.12,9.68,15.52,2.36,31.1,0,7.59,4,1,,,,,,,,,,,,,,,,,,,1,1,0,1,1,0
8072,陞泰,-0.63,-0.28,15.1,0.35,22.7,39.16,1.54,2,-1,,,,,,,,,,,,,,,,,,,0,0,0,0,1,1
8081,致新,19.36,11.13,36.82,8.5,120,10.73,7.08,5,1,,,,,,,,,,,,,,,,,,,1,1,1,1,0,1
8101,華冠,-34.43,-1.66,-0.29,0.06,6.6,35.53,0.91,2,-1,,,,,,,,,,,,,,,,,,,0,0,0,0,1,1
8103,瀚荃,8.53,2.75,29.89,1.29,31.95,11.16,4.04,4,1,,,,,,,,,,,,,,,,,,,0,1,1,0,1,1
8104,錸寶,17.64,4.31,21.27,1.81,33.8,33.52,5.36,6,1,,,,,,,,,,,,,,,,,,,1,1,1,1,1,1
8105,凌巨,-1.98,-0.33,9.72,0.12,11.25,34.65,1.07,2,-1,,,,,,,,,,,,,,,,,,,0,0,0,0,1,1
8110,華東,3.17,0.69,6.71,0.35,11.45,38.91,3.06,3,-1,,,,,,,,,,,,,,,,,,,0,1,0,0,1,1
8112,至上,21.82,4.49,2.85,3.1,34.15,6.39,9.08,4,1,,,,,,,,,,,,,,,,,,,1,1,0,1,1,0
8114,振樺電,16.93,6.1,34.67,4.58,133.5,9.37,3.43,3,-1,,,,,,,,,,,,,,,,,,,1,1,1,0,0,0
8131,福懋科,12.35,3.18,18.72,2.4,36.95,62.71,6.5,5,1,,,,,,,,,,,,,,,,,,,1,1,0,1,1,1
8150,南茂,14.26,3.74,20.85,1.96,29.7,11.74,6.6,6,1,,,,,,,,,,,,,,,,,,,1,1,1,1,1,1
8163,達方,11.05,3.61,17.98,2.66,38.95,22.9,6.83,5,1,,,,,,,,,,,,,,,,,,,1,1,0,1,1,1
8201,無敵,-2.78,-0.42,14.33,0.3,11.2,40.95,2.68,2,-1,,,,,,,,,,,,,,,,,,,0,0,0,0,1,1
8210,勤誠,21.35,6.11,25.76,3.72,74,12.39,5.03,6,1,,,,,,,,,,,,,,,,,,,1,1,1,1,1,1
8213,志超,11.46,5.43,14.63,2.95,34.15,6.6,8.64,4,1,,,,,,,,,,,,,,,,,,,1,1,0,1,1,0
8215,明基材,11.47,1.54,15.84,0.84,28.9,40.25,2.91,4,1,,,,,,,,,,,,,,,,,,,1,1,0,0,1,1
8222,寶一,-0.81,-0.07,11.05,0.57,23.85,15.84,2.39,2,-1,,,,,,,,,,,,,,,,,,,0,0,0,0,1,1
8249,菱光,5.71,1.54,13.49,1.34,21.15,27.24,6.34,4,1,,,,,,,,,,,,,,,,,,,0,1,0,1,1,1
8261,富鼎,12.89,2.73,19.18,1.8,104.5,10.8,1.72,3,-1,,,,,,,,,,,,,,,,,,,1,1,0,0,0,1
8271,宇瞻,14.07,3.8,15.6,2.51,38.85,19.03,6.46,5,1,,,,,,,,,,,,,,,,,,,1,1,0,1,1,1
8341,日友,30.82,8.14,60.14,7.34,153,37.73,4.8,4,1,,,,,,,,,,,,,,,,,,,1,1,1,0,0,1
8367,建新國際,12.1,3.11,31.5,1.48,33.3,38.02,4.44,5,1,,,,,,,,,,,,,,,,,,,1,1,1,0,1,1
8374,羅昇,5.48,0.93,17.23,0.56,28.65,71.86,1.95,3,-1,,,,,,,,,,,,,,,,,,,0,1,0,0,1,1
8404,百和興業-KY,11.55,1.9,36.63,0.92,28.75,59.78,3.2,5,1,,,,,,,,,,,,,,,,,,,1,1,1,0,1,1
8411,福貞-KY,1.9,0.61,10.72,0.28,14.75,4.6,1.9,2,-1,,,,,,,,,,,,,,,,,,,0,1,0,0,1,0
8422,可寧衛,22.12,11.38,67.1,10.2,175,16.35,5.83,5,1,,,,,,,,,,,,,,,,,,,1,1,1,1,0,1
8429,金麗-KY,0.77,0.33,9.29,0.28,9.55,24.29,2.93,3,-1,,,,,,,,,,,,,,,,,,,0,1,0,0,1,1
8438,昶昕,5.38,1.08,10.75,0.8,28.85,50.73,2.77,3,-1,,,,,,,,,,,,,,,,,,,0,1,0,0,1,1
8442,威宏-KY,2.74,0.79,15.4,1.6,70.2,30.91,2.28,3,-1,,,,,,,,,,,,,,,,,,,0,1,0,0,1,1
8443,阿瘦,-8.5,-1.63,53.68,0.26,10.9,12.94,2.39,3,-1,,,,,,,,,,,,,,,,,,,0,0,1,0,1,1
8454,富邦媒,27.85,12.25,10.09,9.7,542,55.55,1.79,3,-1,,,,,,,,,,,,,,,,,,,1,1,0,0,0,1
8462,柏文,19.22,4.92,27.65,4.05,117,36.52,3.46,4,1,,,,,,,,,,,,,,,,,,,1,1,1,0,0,1
8463,潤泰材,3.25,0.5,11.48,0.71,19.95,46.72,3.56,3,-1,,,,,,,,,,,,,,,,,,,0,1,0,0,1,1
8464,億豐,32.4,14.91,50.86,10.2,249,26.27,4.1,4,1,,,,,,,,,,,,,,,,,,,1,1,1,0,0,1
8466,美吉吉-KY,12.05,4.71,23.44,3.36,40,40.73,8.4,6,1,,,,,,,,,,,,,,,,,,,1,1,1,1,1,1
8467,波力-KY,6.11,1.75,28.68,1.7,55.6,9.87,3.06,3,-1,,,,,,,,,,,,,,,,,,,0,1,1,0,1,0
8473,山林水,5.82,2.13,22.43,1.88,29.5,66.94,6.37,5,1,,,,,,,,,,,,,,,,,,,0,1,1,1,1,1
8478,東哥遊艇,12.28,3.64,28.73,2.12,277.5,38.73,0.76,4,1,,,,,,,,,,,,,,,,,,,1,1,1,0,0,1
8480,泰昇-KY,19.6,8.12,32.33,4.94,84.1,64.82,5.87,5,1,,,,,,,,,,,,,,,,,,,1,1,1,1,0,1
8481,政伸,25.94,5.75,48.89,4.5,56.7,36.38,7.94,6,1,,,,,,,,,,,,,,,,,,,1,1,1,1,1,1
8482,商億-KY,31.24,8.4,38.56,7.36,69,0,10.67,5,1,,,,,,,,,,,,,,,,,,,1,1,1,1,1,0
8488,吉源-KY,0.8,0.3,9.4,0.56,16.45,8.31,3.4,2,-1,,,,,,,,,,,,,,,,,,,0,1,0,0,1,0
8499,鼎炫-KY,24.11,9.93,49.13,6.21,106,48.51,5.86,5,1,,,,,,,,,,,,,,,,,,,1,1,1,1,0,1
8926,台汽電,7.86,1.6,12.35,1.63,33.8,34.16,4.82,3,-1,,,,,,,,,,,,,,,,,,,0,1,0,0,1,1
8940,新天地,-5.85,-0.75,46.55,0.79,15.15,21.43,5.21,4,1,,,,,,,,,,,,,,,,,,,0,0,1,1,1,1
8996,高力,7.61,1.58,27.33,1.64,107,4.51,1.53,2,-1,,,,,,,,,,,,,,,,,,,0,1,1,0,0,0
9802,鈺齊-KY,13.25,6,19.3,2.7,152.5,3.41,1.77,2,-1,,,,,,,,,,,,,,,,,,,1,1,0,0,0,0
9902,台火,3.04,0.39,5.14,0.34,10.2,20.88,3.33,3,-1,,,,,,,,,,,,,,,,,,,0,1,0,0,1,1
9904,寶成,8.94,3.71,24.7,1.35,27.75,7.67,4.86,3,-1,,,,,,,,,,,,,,,,,,,0,1,1,0,1,0
9905,大華,7.27,1.75,14.13,1.34,24.4,0,5.49,3,-1,,,,,,,,,,,,,,,,,,,0,1,0,1,1,0
9906,欣巴巴,3.5,0.41,25.25,0.13,45.4,50.07,0.29,4,1,,,,,,,,,,,,,,,,,,,0,1,1,0,1,1
9907,統一實,5.31,0.68,10.77,0.58,17.55,48.06,3.3,3,-1,,,,,,,,,,,,,,,,,,,0,1,0,0,1,1
9908,大台北,6.92,1.59,22.48,1.1,30.55,12.66,3.6,4,1,,,,,,,,,,,,,,,,,,,0,1,1,0,1,1
9910,豐泰,32.01,6.72,23.65,4.7,157,17.69,2.99,4,1,,,,,,,,,,,,,,,,,,,1,1,1,0,0,1
9911,櫻花,18.73,3.94,35.17,2.94,62.7,9.92,4.69,4,1,,,,,,,,,,,,,,,,,,,1,1,1,0,1,0
9912,偉聯,-4.54,-0.44,32.47,2.2,9.81,6.43,22.43,3,-1,,,,,,,,,,,,,,,,,,,0,0,1,1,1,0
9914,美利達,18.33,9.13,13.3,4.94,182,24.23,2.71,3,-1,,,,,,,,,,,,,,,,,,,1,1,0,0,0,1
9917,中保科,20.86,5.13,36.18,4.4,98.8,0,4.45,3,-1,,,,,,,,,,,,,,,,,,,1,1,1,0,0,0
9918,欣天然,9.44,1.58,24.84,1.4,42.05,40.79,3.33,4,1,,,,,,,,,,,,,,,,,,,0,1,1,0,1,1
9919,康那香,7.8,1.11,19.46,0.81,15.8,25.49,5.13,4,1,,,,,,,,,,,,,,,,,,,0,1,0,1,1,1
9921,巨大,16.45,10.22,21.9,6.14,207,17.71,2.97,4,1,,,,,,,,,,,,,,,,,,,1,1,1,0,0,1
9924,福興,13.1,3.78,21.27,2.4,40.85,11.04,5.88,6,1,,,,,,,,,,,,,,,,,,,1,1,1,1,1,1
9925,新保,8.77,2.32,33.65,1.98,38.9,16.01,5.09,5,1,,,,,,,,,,,,,,,,,,,0,1,1,1,1,1
9926,新海,12.46,2.14,24.86,1.72,50.9,0,3.38,4,1,,,,,,,,,,,,,,,,,,,1,1,1,0,1,0
9927,泰銘,11.48,2.93,10.18,2.68,34.5,38.48,7.77,5,1,,,,,,,,,,,,,,,,,,,1,1,0,1,1,1
9928,中視,-23.19,-0.98,-5.87,0,30.6,51.33,0,2,-1,,,,,,,,,,,,,,,,,,,0,0,0,0,1,1
9929,秋雨,10.75,1.17,10.27,0.08,8.27,8.54,0.97,3,-1,,,,,,,,,,,,,,,,,,,1,1,0,0,1,0
9930,中聯資源,15.71,3.19,15.57,1.9,44.95,0,4.23,3,-1,,,,,,,,,,,,,,,,,,,1,1,0,0,1,0
9931,欣高,10.13,1.91,18.19,1.14,38.6,24.83,2.95,4,1,,,,,,,,,,,,,,,,,,,1,1,0,0,1,1
9933,中鼎,10.86,2.16,6.68,2.35,45.85,9.05,5.13,4,1,,,,,,,,,,,,,,,,,,,1,1,0,1,1,0
9934,成霖,6.7,1.09,27.21,0.98,11.5,6.52,8.52,4,1,,,,,,,,,,,,,,,,,,,0,1,1,1,1,0
9935,慶豐富,13.16,1.36,18.58,0.46,17.2,10.3,2.67,4,1,,,,,,,,,,,,,,,,,,,1,1,0,0,1,1
9937,全國,15.09,2.44,11.49,2.08,49.1,0,4.24,3,-1,,,,,,,,,,,,,,,,,,,1,1,0,0,1,0
9938,百和,16.41,5.45,37.35,3.02,57.5,7.39,5.25,5,1,,,,,,,,,,,,,,,,,,,1,1,1,1,1,0
9939,宏全,11.22,5.04,20.14,3.15,82.2,8.2,3.83,3,-1,,,,,,,,,,,,,,,,,,,1,1,1,0,0,0
9940,信義,17.08,2.67,30.47,1.9,29.15,32.56,6.52,6,1,,,,,,,,,,,,,,,,,,,1,1,1,1,1,1
9941,裕融,17.38,9.73,48.01,5.22,140,44.08,3.73,4,1,,,,,,,,,,,,,,,,,,,1,1,1,0,0,1
9942,茂順,15.49,5.53,34.21,4.36,98.3,15.6,4.44,4,1,,,,,,,,,,,,,,,,,,,1,1,1,0,0,1
9943,好樂迪,15.48,4.23,53.83,3.76,60.6,38.23,6.2,6,1,,,,,,,,,,,,,,,,,,,1,1,1,1,1,1
9944,新麗,4.24,1.08,22.99,0.6,20.3,26.69,2.96,4,1,,,,,,,,,,,,,,,,,,,0,1,1,0,1,1
9945,潤泰新,17.81,7.47,22.38,1.6,49.85,27.81,3.21,5,1,,,,,,,,,,,,,,,,,,,1,1,1,0,1,1
9946,三發地產,9.56,1.85,33.03,0.5,11.9,0,4.2,3,-1,,,,,,,,,,,,,,,,,,,0,1,1,0,1,0
9955,佳龍,-6.44,-1.1,0.55,0.8,17.75,39.16,4.51,2,-1,,,,,,,,,,,,,,,,,,,0,0,0,0,1,1
9958,世紀鋼,8.58,2.61,16.63,1.51,63.6,18.91,2.37,3,-1,,,,,,,,,,,,,,,,,,,0,1,0,0,1,1
